W,L,W/L%,PS/G,PA/G,PA/G,Year,lat,lon,color,name,team_id
56,26,0.683,111.5,105.7,105.7,1991, 42.3600825, -71.0588801, #007A33,Boston Celtics,BOS
44,38,0.537,105.4,105.6,105.6,1991, 39.9525839, -75.1652215, #006BB6,Philadelphia 76ers,PHI
39,43,0.476,103.1,103.3,103.3,1991, 40.7127837, -74.0059413, #006BB6,New York Knicks,NYK
30,52,0.366,101.4,106.4,106.4,1991, 38.9071923, -77.0368707, #002B5C,Washington Bullets,WSB
26,56,0.317,102.9,107.5,107.5,1991, 40.7127837, -74.0059413, #000000,New Jersey Nets,NJN
24,58,0.293,101.8,107.8,107.8,1991, 25.7616798, -80.1917902, #98002E,Miami Heat,MIA
61,21,0.744,110,101,101,1991, 41.8781136, -87.6297982, #CE1141,Chicago Bulls,CHI
50,32,0.61,100.1,96.8,96.8,1991, 42.331427, -83.0457538, #C8102E,Detroit Pistons,DET
48,34,0.585,106.4,104,104,1991, 43.0389025, -87.9064736, #00471B,Milwaukee Bucks,MIL
43,39,0.524,109.8,109,109,1991, 33.7489954, -84.3879824, #E03A3E,Atlanta Hawks,ATL
41,41,0.5,111.7,112.1,112.1,1991, 39.768403, -86.158068, #002D62,Indiana Pacers,IND
33,49,0.402,101.7,104.2,104.2,1991, 41.49932, -81.6943605, #6F263D,Cleveland Cavaliers,CLE
26,56,0.317,102.8,108,108,1991, 35.2270869, -80.8431267, #1D1160,Charlotte Hornets,CHH
55,27,0.671,107.1,102.6,102.6,1991, 29.4241219, -98.4936282, #C4CED4,San Antonio Spurs,SAS
54,28,0.659,104,100.7,100.7,1991, 40.7607793, -111.8910474, #002B5C,Utah Jazz,UTA
52,30,0.634,106.7,103.2,103.2,1991, 29.7604267, -95.3698028, #CE1141,Houston Rockets,HOU
31,51,0.378,105.9,109.9,109.9,1991, 28.5383355, -81.3792365, #0077C0,Orlando Magic,ORL
29,53,0.354,99.6,103.5,103.5,1991, 44.977753, -93.2650108, #0C2340,Minnesota Timberwolves,MIN
28,54,0.341,99.9,104.5,104.5,1991, 32.7766642, -96.7969879, #00538C,Dallas Mavericks,DAL
20,62,0.244,119.9,130.8,130.8,1991, 39.7392358, -104.990251, #0E2240,Denver Nuggets,DEN
63,19,0.768,114.7,106,106,1991, 45.5230622, -122.6764816, #E03A3E,Portland Trail Blazers,POR
58,24,0.707,106.3,99.6,99.6,1991, 34.0522342, -118.2436849, #552583,Los Angeles Lakers,LAL
44,38,0.537,116.6,115,115,1991, 37.8043637, -122.2711137, #006BB6,Golden State Warriors,GSW
41,41,0.5,106.6,105.4,105.4,1991, 47.6062095, -122.3320708, #00653A,Seattle SuperSonics,SEA
31,51,0.378,103.5,107,107,1991, 32.715738, -117.1610838, #C8102E,Los Angeles Clippers,LAC
25,57,0.305,96.7,103.5,103.5,1991, 38.5815719, -121.4943996, #5A2D81,Sacramento Kings,SAC
51,31,0.622,106.6,103,103,1992, 42.3600825, -71.0588801, #007A33,Boston Celtics,BOS
51,31,0.622,101.6,97.7,97.7,1992, 40.7127837, -74.0059413, #006BB6,New York Knicks,NYK
40,42,0.488,105.4,107.1,107.1,1992, 40.7127837, -74.0059413, #000000,New Jersey Nets,NJN
38,44,0.463,105,109.2,109.2,1992, 25.7616798, -80.1917902, #98002E,Miami Heat,MIA
35,47,0.427,101.9,103.2,103.2,1992, 39.9525839, -75.1652215, #006BB6,Philadelphia 76ers,PHI
25,57,0.305,102.4,106.8,106.8,1992, 38.9071923, -77.0368707, #002B5C,Washington Bullets,WSB
21,61,0.256,101.6,108.5,108.5,1992, 28.5383355, -81.3792365, #0077C0,Orlando Magic,ORL
67,15,0.817,109.9,99.5,99.5,1992, 41.8781136, -87.6297982, #CE1141,Chicago Bulls,CHI
57,25,0.695,108.9,103.4,103.4,1992, 41.49932, -81.6943605, #6F263D,Cleveland Cavaliers,CLE
48,34,0.585,98.9,96.9,96.9,1992, 42.331427, -83.0457538, #C8102E,Detroit Pistons,DET
40,42,0.488,112.2,110.3,110.3,1992, 39.768403, -86.158068, #002D62,Indiana Pacers,IND
38,44,0.463,106.2,107.7,107.7,1992, 33.7489954, -84.3879824, #E03A3E,Atlanta Hawks,ATL
31,51,0.378,105,106.7,106.7,1992, 43.0389025, -87.9064736, #00471B,Milwaukee Bucks,MIL
31,51,0.378,109.5,113.4,113.4,1992, 35.2270869, -80.8431267, #1D1160,Charlotte Hornets,CHH
55,27,0.671,108.3,101.9,101.9,1992, 40.7607793, -111.8910474, #002B5C,Utah Jazz,UTA
47,35,0.573,104,100.6,100.6,1992, 29.4241219, -98.4936282, #C4CED4,San Antonio Spurs,SAS
42,40,0.512,102,103.7,103.7,1992, 29.7604267, -95.3698028, #CE1141,Houston Rockets,HOU
24,58,0.293,99.7,107.6,107.6,1992, 39.7392358, -104.990251, #0E2240,Denver Nuggets,DEN
22,60,0.268,97.6,105.3,105.3,1992, 32.7766642, -96.7969879, #00538C,Dallas Mavericks,DAL
15,67,0.183,100.5,107.5,107.5,1992, 44.977753, -93.2650108, #0C2340,Minnesota Timberwolves,MIN
57,25,0.695,111.4,104.1,104.1,1992, 45.5230622, -122.6764816, #E03A3E,Portland Trail Blazers,POR
55,27,0.671,118.7,114.8,114.8,1992, 37.8043637, -122.2711137, #006BB6,Golden State Warriors,GSW
47,35,0.573,106.5,104.7,104.7,1992, 47.6062095, -122.3320708, #00653A,Seattle SuperSonics,SEA
45,37,0.549,102.9,101.9,101.9,1992, 32.715738, -117.1610838, #C8102E,Los Angeles Clippers,LAC
43,39,0.524,100.4,101.5,101.5,1992, 34.0522342, -118.2436849, #552583,Los Angeles Lakers,LAL
29,53,0.354,104.3,110.3,110.3,1992, 38.5815719, -121.4943996, #5A2D81,Sacramento Kings,SAC
60,22,0.732,101.6,95.4,95.4,1993, 40.7127837, -74.0059413, #006BB6,New York Knicks,NYK
48,34,0.585,103.7,102.8,102.8,1993, 42.3600825, -71.0588801, #007A33,Boston Celtics,BOS
43,39,0.524,102.8,101.6,101.6,1993, 40.7127837, -74.0059413, #000000,New Jersey Nets,NJN
41,41,0.5,105.5,104.2,104.2,1993, 28.5383355, -81.3792365, #0077C0,Orlando Magic,ORL
36,46,0.439,103.6,104.7,104.7,1993, 25.7616798, -80.1917902, #98002E,Miami Heat,MIA
26,56,0.317,104.3,110.1,110.1,1993, 39.9525839, -75.1652215, #006BB6,Philadelphia 76ers,PHI
22,60,0.268,101.9,108.9,108.9,1993, 38.9071923, -77.0368707, #002B5C,Washington Bullets,WSB
57,25,0.695,105.2,98.9,98.9,1993, 41.8781136, -87.6297982, #CE1141,Chicago Bulls,CHI
54,28,0.659,107.7,101.3,101.3,1993, 41.49932, -81.6943605, #6F263D,Cleveland Cavaliers,CLE
44,38,0.537,110.1,110.4,110.4,1993, 35.2270869, -80.8431267, #1D1160,Charlotte Hornets,CHH
43,39,0.524,107.5,108.4,108.4,1993, 33.7489954, -84.3879824, #E03A3E,Atlanta Hawks,ATL
41,41,0.5,107.8,106.1,106.1,1993, 39.768403, -86.158068, #002D62,Indiana Pacers,IND
40,42,0.488,100.6,102,102,1993, 42.331427, -83.0457538, #C8102E,Detroit Pistons,DET
28,54,0.341,102.3,106.1,106.1,1993, 43.0389025, -87.9064736, #00471B,Milwaukee Bucks,MIL
55,27,0.671,104,99.8,99.8,1993, 29.7604267, -95.3698028, #CE1141,Houston Rockets,HOU
49,33,0.598,105.5,102.8,102.8,1993, 29.4241219, -98.4936282, #C4CED4,San Antonio Spurs,SAS
47,35,0.573,106.2,104,104,1993, 40.7607793, -111.8910474, #002B5C,Utah Jazz,UTA
36,46,0.439,105.2,106.9,106.9,1993, 39.7392358, -104.990251, #0E2240,Denver Nuggets,DEN
19,63,0.232,98.1,105.9,105.9,1993, 44.977753, -93.2650108, #0C2340,Minnesota Timberwolves,MIN
11,71,0.134,99.3,114.5,114.5,1993, 32.7766642, -96.7969879, #00538C,Dallas Mavericks,DAL
55,27,0.671,108.3,101.3,101.3,1993, 47.6062095, -122.3320708, #00653A,Seattle SuperSonics,SEA
51,31,0.622,108.5,105.4,105.4,1993, 45.5230622, -122.6764816, #E03A3E,Portland Trail Blazers,POR
41,41,0.5,107.1,106.8,106.8,1993, 32.715738, -117.1610838, #C8102E,Los Angeles Clippers,LAC
39,43,0.476,104.2,105.5,105.5,1993, 34.0522342, -118.2436849, #552583,Los Angeles Lakers,LAL
34,48,0.415,109.9,110.9,110.9,1993, 37.8043637, -122.2711137, #006BB6,Golden State Warriors,GSW
25,57,0.305,107.9,111.1,111.1,1993, 38.5815719, -121.4943996, #5A2D81,Sacramento Kings,SAC
57,25,0.695,98.5,91.5,91.5,1994, 40.7127837, -74.0059413, #006BB6,New York Knicks,NYK
50,32,0.61,105.7,101.8,101.8,1994, 28.5383355, -81.3792365, #0077C0,Orlando Magic,ORL
45,37,0.549,103.2,101,101,1994, 40.7127837, -74.0059413, #000000,New Jersey Nets,NJN
42,40,0.512,103.4,100.7,100.7,1994, 25.7616798, -80.1917902, #98002E,Miami Heat,MIA
32,50,0.39,100.8,105.1,105.1,1994, 42.3600825, -71.0588801, #007A33,Boston Celtics,BOS
25,57,0.305,98,105.6,105.6,1994, 39.9525839, -75.1652215, #006BB6,Philadelphia 76ers,PHI
24,58,0.293,100.4,107.7,107.7,1994, 38.9071923, -77.0368707, #002B5C,Washington Bullets,WSB
57,25,0.695,101.4,96.2,96.2,1994, 33.7489954, -84.3879824, #E03A3E,Atlanta Hawks,ATL
55,27,0.671,98,94.9,94.9,1994, 41.8781136, -87.6297982, #CE1141,Chicago Bulls,CHI
47,35,0.573,101,97.5,97.5,1994, 39.768403, -86.158068, #002D62,Indiana Pacers,IND
47,35,0.573,101.2,97.1,97.1,1994, 41.49932, -81.6943605, #6F263D,Cleveland Cavaliers,CLE
41,41,0.5,106.5,106.7,106.7,1994, 35.2270869, -80.8431267, #1D1160,Charlotte Hornets,CHH
20,62,0.244,96.9,103.4,103.4,1994, 43.0389025, -87.9064736, #00471B,Milwaukee Bucks,MIL
20,62,0.244,96.9,104.7,104.7,1994, 42.331427, -83.0457538, #C8102E,Detroit Pistons,DET
58,24,0.707,101.1,96.8,96.8,1994, 29.7604267, -95.3698028, #CE1141,Houston Rockets,HOU
55,27,0.671,100,94.8,94.8,1994, 29.4241219, -98.4936282, #C4CED4,San Antonio Spurs,SAS
53,29,0.646,101.9,97.7,97.7,1994, 40.7607793, -111.8910474, #002B5C,Utah Jazz,UTA
42,40,0.512,100.3,98.8,98.8,1994, 39.7392358, -104.990251, #0E2240,Denver Nuggets,DEN
20,62,0.244,96.7,103.6,103.6,1994, 44.977753, -93.2650108, #0C2340,Minnesota Timberwolves,MIN
13,69,0.159,95.1,103.8,103.8,1994, 32.7766642, -96.7969879, #00538C,Dallas Mavericks,DAL
63,19,0.768,105.9,96.9,96.9,1994, 47.6062095, -122.3320708, #00653A,Seattle SuperSonics,SEA
50,32,0.61,107.9,106.1,106.1,1994, 37.8043637, -122.2711137, #006BB6,Golden State Warriors,GSW
47,35,0.573,107.3,104.6,104.6,1994, 45.5230622, -122.6764816, #E03A3E,Portland Trail Blazers,POR
33,49,0.402,100.4,104.7,104.7,1994, 34.0522342, -118.2436849, #552583,Los Angeles Lakers,LAL
28,54,0.341,101.1,106.9,106.9,1994, 38.5815719, -121.4943996, #5A2D81,Sacramento Kings,SAC
27,55,0.329,103,108.7,108.7,1994, 32.715738, -117.1610838, #C8102E,Los Angeles Clippers,LAC
57,25,0.695,110.9,103.8,103.8,1995, 28.5383355, -81.3792365, #0077C0,Orlando Magic,ORL
55,27,0.671,98.2,95.1,95.1,1995, 40.7127837, -74.0059413, #006BB6,New York Knicks,NYK
35,47,0.427,102.8,104.7,104.7,1995, 42.3600825, -71.0588801, #007A33,Boston Celtics,BOS
32,50,0.39,101.1,102.8,102.8,1995, 25.7616798, -80.1917902, #98002E,Miami Heat,MIA
30,52,0.366,98.1,101.2,101.2,1995, 40.7127837, -74.0059413, #000000,New Jersey Nets,NJN
24,58,0.293,95.4,100.4,100.4,1995, 39.9525839, -75.1652215, #006BB6,Philadelphia 76ers,PHI
21,61,0.256,100.5,106.1,106.1,1995, 38.9071923, -77.0368707, #002B5C,Washington Bullets,WSB
52,30,0.634,99.2,95.5,95.5,1995, 39.768403, -86.158068, #002D62,Indiana Pacers,IND
50,32,0.61,100.6,97.3,97.3,1995, 35.2270869, -80.8431267, #1D1160,Charlotte Hornets,CHH
47,35,0.573,101.5,96.7,96.7,1995, 41.8781136, -87.6297982, #CE1141,Chicago Bulls,CHI
43,39,0.524,90.5,89.8,89.8,1995, 41.49932, -81.6943605, #6F263D,Cleveland Cavaliers,CLE
42,40,0.512,96.6,95.3,95.3,1995, 33.7489954, -84.3879824, #E03A3E,Atlanta Hawks,ATL
34,48,0.415,99.3,103.7,103.7,1995, 43.0389025, -87.9064736, #00471B,Milwaukee Bucks,MIL
28,54,0.341,98.2,105.5,105.5,1995, 42.331427, -83.0457538, #C8102E,Detroit Pistons,DET
62,20,0.756,106.6,100.6,100.6,1995, 29.4241219, -98.4936282, #C4CED4,San Antonio Spurs,SAS
60,22,0.732,106.4,98.4,98.4,1995, 40.7607793, -111.8910474, #002B5C,Utah Jazz,UTA
47,35,0.573,103.5,101.4,101.4,1995, 29.7604267, -95.3698028, #CE1141,Houston Rockets,HOU
41,41,0.5,101.3,100.5,100.5,1995, 39.7392358, -104.990251, #0E2240,Denver Nuggets,DEN
36,46,0.439,103.2,106.1,106.1,1995, 32.7766642, -96.7969879, #00538C,Dallas Mavericks,DAL
21,61,0.256,94.2,103.2,103.2,1995, 44.977753, -93.2650108, #0C2340,Minnesota Timberwolves,MIN
57,25,0.695,110.4,102.2,102.2,1995, 47.6062095, -122.3320708, #00653A,Seattle SuperSonics,SEA
48,34,0.585,105.1,105.3,105.3,1995, 34.0522342, -118.2436849, #552583,Los Angeles Lakers,LAL
44,38,0.537,103.1,99.2,99.2,1995, 45.5230622, -122.6764816, #E03A3E,Portland Trail Blazers,POR
39,43,0.476,98.2,99.2,99.2,1995, 38.5815719, -121.4943996, #5A2D81,Sacramento Kings,SAC
26,56,0.317,105.7,111.1,111.1,1995, 37.8043637, -122.2711137, #006BB6,Golden State Warriors,GSW
17,65,0.207,96.7,105.8,105.8,1995, 32.715738, -117.1610838, #C8102E,Los Angeles Clippers,LAC
60,22,0.732,104.5,99,99,1996, 28.5383355, -81.3792365, #0077C0,Orlando Magic,ORL
47,35,0.573,97.2,94.9,94.9,1996, 40.7127837, -74.0059413, #006BB6,New York Knicks,NYK
42,40,0.512,96.5,95,95,1996, 25.7616798, -80.1917902, #98002E,Miami Heat,MIA
39,43,0.476,102.5,101.5,101.5,1996, 38.9071923, -77.0368707, #002B5C,Washington Bullets,WSB
33,49,0.402,103.6,107,107,1996, 42.3600825, -71.0588801, #007A33,Boston Celtics,BOS
30,52,0.366,93.7,97.9,97.9,1996, 40.7127837, -74.0059413, #000000,New Jersey Nets,NJN
18,64,0.22,94.5,104.5,104.5,1996, 39.9525839, -75.1652215, #006BB6,Philadelphia 76ers,PHI
72,10,0.878,105.2,92.9,92.9,1996, 41.8781136, -87.6297982, #CE1141,Chicago Bulls,CHI
52,30,0.634,99.3,96.1,96.1,1996, 39.768403, -86.158068, #002D62,Indiana Pacers,IND
47,35,0.573,91.1,88.5,88.5,1996, 41.49932, -81.6943605, #6F263D,Cleveland Cavaliers,CLE
46,36,0.561,98.3,97.1,97.1,1996, 33.7489954, -84.3879824, #E03A3E,Atlanta Hawks,ATL
46,36,0.561,95.4,92.9,92.9,1996, 42.331427, -83.0457538, #C8102E,Detroit Pistons,DET
41,41,0.5,102.8,103.4,103.4,1996, 35.2270869, -80.8431267, #1D1160,Charlotte Hornets,CHH
25,57,0.305,95.6,100.9,100.9,1996, 43.0389025, -87.9064736, #00471B,Milwaukee Bucks,MIL
21,61,0.256,97.5,105,105,1996, 43.6532, -79.3832, #CE1141,Toronto Raptors,TOR
59,23,0.72,103.4,97.1,97.1,1996, 29.4241219, -98.4936282, #C4CED4,San Antonio Spurs,SAS
55,27,0.671,102.5,95.9,95.9,1996, 40.7607793, -111.8910474, #002B5C,Utah Jazz,UTA
48,34,0.585,102.5,100.7,100.7,1996, 29.7604267, -95.3698028, #CE1141,Houston Rockets,HOU
35,47,0.427,97.7,100.4,100.4,1996, 39.7392358, -104.990251, #0E2240,Denver Nuggets,DEN
26,56,0.317,97.9,103.2,103.2,1996, 44.977753, -93.2650108, #0C2340,Minnesota Timberwolves,MIN
26,56,0.317,102.5,107.5,107.5,1996, 32.7766642, -96.7969879, #00538C,Dallas Mavericks,DAL
15,67,0.183,89.8,99.8,99.8,1996, 49.2827, -123.1207, #5D76A9,Vancouver Grizzlies,VAN
64,18,0.78,104.5,96.7,96.7,1996, 47.6062095, -122.3320708, #00653A,Seattle SuperSonics,SEA
53,29,0.646,102.9,98.5,98.5,1996, 34.0522342, -118.2436849, #552583,Los Angeles Lakers,LAL
44,38,0.537,99.3,97,97,1996, 45.5230622, -122.6764816, #E03A3E,Portland Trail Blazers,POR
39,43,0.476,99.5,102.3,102.3,1996, 38.5815719, -121.4943996, #5A2D81,Sacramento Kings,SAC
36,46,0.439,101.6,103.1,103.1,1996, 37.8043637, -122.2711137, #006BB6,Golden State Warriors,GSW
29,53,0.354,99.4,103,103,1996, 32.715738, -117.1610838, #C8102E,Los Angeles Clippers,LAC
61,21,0.744,94.8,89.3,89.3,1997, 25.7616798, -80.1917902, #98002E,Miami Heat,MIA
57,25,0.695,95.4,92.2,92.2,1997, 40.7127837, -74.0059413, #006BB6,New York Knicks,NYK
45,37,0.549,94.1,94.5,94.5,1997, 28.5383355, -81.3792365, #0077C0,Orlando Magic,ORL
44,38,0.537,99.4,97.7,97.7,1997, 38.9071923, -77.0368707, #002B5C,Washington Bullets,WSB
26,56,0.317,97.2,101.8,101.8,1997, 40.7127837, -74.0059413, #000000,New Jersey Nets,NJN
22,60,0.268,100.2,106.7,106.7,1997, 39.9525839, -75.1652215, #006BB6,Philadelphia 76ers,PHI
15,67,0.183,100.6,107.9,107.9,1997, 42.3600825, -71.0588801, #007A33,Boston Celtics,BOS
69,13,0.841,103.1,92.3,92.3,1997, 41.8781136, -87.6297982, #CE1141,Chicago Bulls,CHI
56,26,0.683,94.8,89.4,89.4,1997, 33.7489954, -84.3879824, #E03A3E,Atlanta Hawks,ATL
54,28,0.659,94.2,88.9,88.9,1997, 42.331427, -83.0457538, #C8102E,Detroit Pistons,DET
54,28,0.659,98.9,97,97,1997, 35.2270869, -80.8431267, #1D1160,Charlotte Hornets,CHH
42,40,0.512,87.5,85.6,85.6,1997, 41.49932, -81.6943605, #6F263D,Cleveland Cavaliers,CLE
39,43,0.476,95.4,94.4,94.4,1997, 39.768403, -86.158068, #002D62,Indiana Pacers,IND
33,49,0.402,95.3,97.2,97.2,1997, 43.0389025, -87.9064736, #00471B,Milwaukee Bucks,MIL
30,52,0.366,95.5,98.6,98.6,1997, 43.6532, -79.3832, #CE1141,Toronto Raptors,TOR
64,18,0.78,103.1,94.3,94.3,1997, 40.7607793, -111.8910474, #002B5C,Utah Jazz,UTA
57,25,0.695,100.6,96.1,96.1,1997, 29.7604267, -95.3698028, #CE1141,Houston Rockets,HOU
40,42,0.488,96.1,97.6,97.6,1997, 44.977753, -93.2650108, #0C2340,Minnesota Timberwolves,MIN
24,58,0.293,90.6,97,97,1997, 32.7766642, -96.7969879, #00538C,Dallas Mavericks,DAL
21,61,0.256,97.8,104.1,104.1,1997, 39.7392358, -104.990251, #0E2240,Denver Nuggets,DEN
20,62,0.244,90.5,98.3,98.3,1997, 29.4241219, -98.4936282, #C4CED4,San Antonio Spurs,SAS
14,68,0.171,89.2,99.4,99.4,1997, 49.2827, -123.1207, #5D76A9,Vancouver Grizzlies,VAN
57,25,0.695,100.9,93.2,93.2,1997, 47.6062095, -122.3320708, #00653A,Seattle SuperSonics,SEA
56,26,0.683,100,95.7,95.7,1997, 34.0522342, -118.2436849, #552583,Los Angeles Lakers,LAL
49,33,0.598,99,94.8,94.8,1997, 45.5230622, -122.6764816, #E03A3E,Portland Trail Blazers,POR
36,46,0.439,97.2,99.5,99.5,1997, 32.715738, -117.1610838, #C8102E,Los Angeles Clippers,LAC
34,48,0.415,96.4,99.8,99.8,1997, 38.5815719, -121.4943996, #5A2D81,Sacramento Kings,SAC
30,52,0.366,99.6,104.4,104.4,1997, 37.8043637, -122.2711137, #006BB6,Golden State Warriors,GSW
55,27,0.671,95,90,90,1998, 25.7616798, -80.1917902, #98002E,Miami Heat,MIA
43,39,0.524,91.6,89.1,89.1,1998, 40.7127837, -74.0059413, #006BB6,New York Knicks,NYK
43,39,0.524,99.6,98.1,98.1,1998, 40.7127837, -74.0059413, #000000,New Jersey Nets,NJN
42,40,0.512,97.2,96.6,96.6,1998, 38.9071923, -77.0368707, #002B5C,Washington Wizards,WAS
41,41,0.5,90.1,91.2,91.2,1998, 28.5383355, -81.3792365, #0077C0,Orlando Magic,ORL
36,46,0.439,95.9,98.5,98.5,1998, 42.3600825, -71.0588801, #007A33,Boston Celtics,BOS
31,51,0.378,93.3,95.7,95.7,1998, 39.9525839, -75.1652215, #006BB6,Philadelphia 76ers,PHI
62,20,0.756,96.7,89.6,89.6,1998, 41.8781136, -87.6297982, #CE1141,Chicago Bulls,CHI
58,24,0.707,96,89.9,89.9,1998, 39.768403, -86.158068, #002D62,Indiana Pacers,IND
51,31,0.622,96.6,94.6,94.6,1998, 35.2270869, -80.8431267, #1D1160,Charlotte Hornets,CHH
50,32,0.61,95.9,92.3,92.3,1998, 33.7489954, -84.3879824, #E03A3E,Atlanta Hawks,ATL
47,35,0.573,92.5,89.8,89.8,1998, 41.49932, -81.6943605, #6F263D,Cleveland Cavaliers,CLE
37,45,0.451,94.2,92.6,92.6,1998, 42.331427, -83.0457538, #C8102E,Detroit Pistons,DET
36,46,0.439,94.5,96.4,96.4,1998, 43.0389025, -87.9064736, #00471B,Milwaukee Bucks,MIL
16,66,0.195,94.9,104.2,104.2,1998, 43.6532, -79.3832, #CE1141,Toronto Raptors,TOR
62,20,0.756,101,94.4,94.4,1998, 40.7607793, -111.8910474, #002B5C,Utah Jazz,UTA
56,26,0.683,92.5,88.5,88.5,1998, 29.4241219, -98.4936282, #C4CED4,San Antonio Spurs,SAS
45,37,0.549,101.1,100.4,100.4,1998, 44.977753, -93.2650108, #0C2340,Minnesota Timberwolves,MIN
41,41,0.5,98.8,99.5,99.5,1998, 29.7604267, -95.3698028, #CE1141,Houston Rockets,HOU
20,62,0.244,91.4,97.5,97.5,1998, 32.7766642, -96.7969879, #00538C,Dallas Mavericks,DAL
19,63,0.232,96.6,103.9,103.9,1998, 49.2827, -123.1207, #5D76A9,Vancouver Grizzlies,VAN
11,71,0.134,89,100.8,100.8,1998, 39.7392358, -104.990251, #0E2240,Denver Nuggets,DEN
61,21,0.744,100.6,93.4,93.4,1998, 47.6062095, -122.3320708, #00653A,Seattle SuperSonics,SEA
61,21,0.744,105.5,97.8,97.8,1998, 34.0522342, -118.2436849, #552583,Los Angeles Lakers,LAL
46,36,0.561,94.3,92.9,92.9,1998, 45.5230622, -122.6764816, #E03A3E,Portland Trail Blazers,POR
27,55,0.329,93.1,98.7,98.7,1998, 38.5815719, -121.4943996, #5A2D81,Sacramento Kings,SAC
19,63,0.232,88.3,97.4,97.4,1998, 37.8043637, -122.2711137, #006BB6,Golden State Warriors,GSW
17,65,0.207,95.9,103.3,103.3,1998, 32.715738, -117.1610838, #C8102E,Los Angeles Clippers,LAC
33,17,0.66,89,84,84,1999, 25.7616798, -80.1917902, #98002E,Miami Heat,MIA
33,17,0.66,89.5,86.9,86.9,1999, 28.5383355, -81.3792365, #0077C0,Orlando Magic,ORL
28,22,0.56,89.7,87.6,87.6,1999, 39.9525839, -75.1652215, #006BB6,Philadelphia 76ers,PHI
27,23,0.54,86.4,85.4,85.4,1999, 40.7127837, -74.0059413, #006BB6,New York Knicks,NYK
19,31,0.38,93,94.9,94.9,1999, 42.3600825, -71.0588801, #007A33,Boston Celtics,BOS
18,32,0.36,91.2,93.4,93.4,1999, 38.9071923, -77.0368707, #002B5C,Washington Wizards,WAS
16,34,0.32,91.4,95.2,95.2,1999, 40.7127837, -74.0059413, #000000,New Jersey Nets,NJN
33,17,0.66,94.7,90.9,90.9,1999, 39.768403, -86.158068, #002D62,Indiana Pacers,IND
31,19,0.62,86.3,83.4,83.4,1999, 33.7489954, -84.3879824, #E03A3E,Atlanta Hawks,ATL
29,21,0.58,90.4,86.9,86.9,1999, 42.331427, -83.0457538, #C8102E,Detroit Pistons,DET
28,22,0.56,91.7,90,90,1999, 43.0389025, -87.9064736, #00471B,Milwaukee Bucks,MIL
26,24,0.52,92.9,93,93,1999, 35.2270869, -80.8431267, #1D1160,Charlotte Hornets,CHH
23,27,0.46,91.1,92.8,92.8,1999, 43.6532, -79.3832, #CE1141,Toronto Raptors,TOR
22,28,0.44,86.4,88.2,88.2,1999, 41.49932, -81.6943605, #6F263D,Cleveland Cavaliers,CLE
13,37,0.26,81.9,91.4,91.4,1999, 41.8781136, -87.6297982, #CE1141,Chicago Bulls,CHI
37,13,0.74,92.8,84.7,84.7,1999, 29.4241219, -98.4936282, #C4CED4,San Antonio Spurs,SAS
37,13,0.74,93.3,86.8,86.8,1999, 40.7607793, -111.8910474, #002B5C,Utah Jazz,UTA
31,19,0.62,94.2,91.9,91.9,1999, 29.7604267, -95.3698028, #CE1141,Houston Rockets,HOU
25,25,0.5,92.9,92.6,92.6,1999, 44.977753, -93.2650108, #0C2340,Minnesota Timberwolves,MIN
19,31,0.38,91.6,94,94,1999, 32.7766642, -96.7969879, #00538C,Dallas Mavericks,DAL
14,36,0.28,93.5,100.1,100.1,1999, 39.7392358, -104.990251, #0E2240,Denver Nuggets,DEN
8,42,0.16,88.9,97.5,97.5,1999, 49.2827, -123.1207, #5D76A9,Vancouver Grizzlies,VAN
35,15,0.7,94.8,88.5,88.5,1999, 45.5230622, -122.6764816, #E03A3E,Portland Trail Blazers,POR
31,19,0.62,99,96,96,1999, 34.0522342, -118.2436849, #552583,Los Angeles Lakers,LAL
27,23,0.54,100.2,100.6,100.6,1999, 38.5815719, -121.4943996, #5A2D81,Sacramento Kings,SAC
25,25,0.5,94.9,95.9,95.9,1999, 47.6062095, -122.3320708, #00653A,Seattle SuperSonics,SEA
21,29,0.42,88.3,90.8,90.8,1999, 37.8043637, -122.2711137, #006BB6,Golden State Warriors,GSW
9,41,0.18,90.4,99.2,99.2,1999, 32.715738, -117.1610838, #C8102E,Los Angeles Clippers,LAC
52,30,0.634,94.4,91.3,91.3,2000, 25.7616798, -80.1917902, #98002E,Miami Heat,MIA
50,32,0.61,92.1,90.7,90.7,2000, 40.7127837, -74.0059413, #006BB6,New York Knicks,NYK
49,33,0.598,94.8,93.4,93.4,2000, 39.9525839, -75.1652215, #006BB6,Philadelphia 76ers,PHI
41,41,0.5,100.1,99.4,99.4,2000, 28.5383355, -81.3792365, #0077C0,Orlando Magic,ORL
35,47,0.427,99.3,100.1,100.1,2000, 42.3600825, -71.0588801, #007A33,Boston Celtics,BOS
31,51,0.378,98,99,99,2000, 40.7127837, -74.0059413, #000000,New Jersey Nets,NJN
29,53,0.354,96.6,99.9,99.9,2000, 38.9071923, -77.0368707, #002B5C,Washington Wizards,WAS
56,26,0.683,101.3,96.7,96.7,2000, 39.768403, -86.158068, #002D62,Indiana Pacers,IND
49,33,0.598,98.4,95.8,95.8,2000, 35.2270869, -80.8431267, #1D1160,Charlotte Hornets,CHH
45,37,0.549,97.2,97.3,97.3,2000, 43.6532, -79.3832, #CE1141,Toronto Raptors,TOR
42,40,0.512,103.5,102,102,2000, 42.331427, -83.0457538, #C8102E,Detroit Pistons,DET
42,40,0.512,101.2,101,101,2000, 43.0389025, -87.9064736, #00471B,Milwaukee Bucks,MIL
32,50,0.39,97,100.5,100.5,2000, 41.49932, -81.6943605, #6F263D,Cleveland Cavaliers,CLE
28,54,0.341,94.3,99.7,99.7,2000, 33.7489954, -84.3879824, #E03A3E,Atlanta Hawks,ATL
17,65,0.207,84.8,94.2,94.2,2000, 41.8781136, -87.6297982, #CE1141,Chicago Bulls,CHI
55,27,0.671,96.5,92,92,2000, 40.7607793, -111.8910474, #002B5C,Utah Jazz,UTA
53,29,0.646,96.2,90.2,90.2,2000, 29.4241219, -98.4936282, #C4CED4,San Antonio Spurs,SAS
50,32,0.61,98.5,96,96,2000, 44.977753, -93.2650108, #0C2340,Minnesota Timberwolves,MIN
40,42,0.488,101.4,102,102,2000, 32.7766642, -96.7969879, #00538C,Dallas Mavericks,DAL
35,47,0.427,99,101.1,101.1,2000, 39.7392358, -104.990251, #0E2240,Denver Nuggets,DEN
34,48,0.415,99.5,100.3,100.3,2000, 29.7604267, -95.3698028, #CE1141,Houston Rockets,HOU
22,60,0.268,93.9,99.5,99.5,2000, 49.2827, -123.1207, #5D76A9,Vancouver Grizzlies,VAN
67,15,0.817,100.8,92.3,92.3,2000, 34.0522342, -118.2436849, #552583,Los Angeles Lakers,LAL
59,23,0.72,97.5,91,91,2000, 45.5230622, -122.6764816, #E03A3E,Portland Trail Blazers,POR
45,37,0.549,99.1,98.1,98.1,2000, 47.6062095, -122.3320708, #00653A,Seattle SuperSonics,SEA
44,38,0.537,105,102,102,2000, 38.5815719, -121.4943996, #5A2D81,Sacramento Kings,SAC
19,63,0.232,95.5,103.8,103.8,2000, 37.8043637, -122.2711137, #006BB6,Golden State Warriors,GSW
15,67,0.183,92,103.5,103.5,2000, 32.715738, -117.1610838, #C8102E,Los Angeles Clippers,LAC
56,26,0.683,94.7,90.4,90.4,2001, 39.9525839, -75.1652215, #006BB6,Philadelphia 76ers,PHI
50,32,0.61,88.9,86.6,86.6,2001, 25.7616798, -80.1917902, #98002E,Miami Heat,MIA
48,34,0.585,88.7,86.1,86.1,2001, 40.7127837, -74.0059413, #006BB6,New York Knicks,NYK
43,39,0.524,97.5,96.5,96.5,2001, 28.5383355, -81.3792365, #0077C0,Orlando Magic,ORL
36,46,0.439,94.6,96.8,96.8,2001, 42.3600825, -71.0588801, #007A33,Boston Celtics,BOS
26,56,0.317,92.1,97.1,97.1,2001, 40.7127837, -74.0059413, #000000,New Jersey Nets,NJN
19,63,0.232,93.2,99.9,99.9,2001, 38.9071923, -77.0368707, #002B5C,Washington Wizards,WAS
52,30,0.634,100.7,96.9,96.9,2001, 43.0389025, -87.9064736, #00471B,Milwaukee Bucks,MIL
47,35,0.573,97.6,95.4,95.4,2001, 43.6532, -79.3832, #CE1141,Toronto Raptors,TOR
46,36,0.561,91.9,89.8,89.8,2001, 35.2270869, -80.8431267, #1D1160,Charlotte Hornets,CHH
41,41,0.5,92.6,92.8,92.8,2001, 39.768403, -86.158068, #002D62,Indiana Pacers,IND
32,50,0.39,95.6,97.3,97.3,2001, 42.331427, -83.0457538, #C8102E,Detroit Pistons,DET
30,52,0.366,92.2,96.5,96.5,2001, 41.49932, -81.6943605, #6F263D,Cleveland Cavaliers,CLE
25,57,0.305,91,96.2,96.2,2001, 33.7489954, -84.3879824, #E03A3E,Atlanta Hawks,ATL
15,67,0.183,87.6,96.7,96.7,2001, 41.8781136, -87.6297982, #CE1141,Chicago Bulls,CHI
58,24,0.707,96.2,88.4,88.4,2001, 29.4241219, -98.4936282, #C4CED4,San Antonio Spurs,SAS
53,29,0.646,97.1,92.4,92.4,2001, 40.7607793, -111.8910474, #002B5C,Utah Jazz,UTA
53,29,0.646,100.5,96.2,96.2,2001, 32.7766642, -96.7969879, #00538C,Dallas Mavericks,DAL
47,35,0.573,97.3,96,96,2001, 44.977753, -93.2650108, #0C2340,Minnesota Timberwolves,MIN
45,37,0.549,97.2,94.9,94.9,2001, 29.7604267, -95.3698028, #CE1141,Houston Rockets,HOU
40,42,0.488,96.6,99,99,2001, 39.7392358, -104.990251, #0E2240,Denver Nuggets,DEN
23,59,0.28,91.7,97.5,97.5,2001, 49.2827, -123.1207, #5D76A9,Vancouver Grizzlies,VAN
56,26,0.683,100.6,97.2,97.2,2001, 34.0522342, -118.2436849, #552583,Los Angeles Lakers,LAL
55,27,0.671,101.7,95.9,95.9,2001, 38.5815719, -121.4943996, #5A2D81,Sacramento Kings,SAC
50,32,0.61,95.4,91.2,91.2,2001, 45.5230622, -122.6764816, #E03A3E,Portland Trail Blazers,POR
44,38,0.537,97.3,97.3,97.3,2001, 47.6062095, -122.3320708, #00653A,Seattle SuperSonics,SEA
31,51,0.378,92.5,95.3,95.3,2001, 32.715738, -117.1610838, #C8102E,Los Angeles Clippers,LAC
17,65,0.207,92.5,101.5,101.5,2001, 37.8043637, -122.2711137, #006BB6,Golden State Warriors,GSW
52,30,0.634,96.2,92,92,2002, 40.7127837, -74.0059413, #000000,New Jersey Nets,NJN
49,33,0.598,96.4,94.1,94.1,2002, 42.3600825, -71.0588801, #007A33,Boston Celtics,BOS
44,38,0.537,100.5,98.9,98.9,2002, 28.5383355, -81.3792365, #0077C0,Orlando Magic,ORL
43,39,0.524,91,89.4,89.4,2002, 39.9525839, -75.1652215, #006BB6,Philadelphia 76ers,PHI
37,45,0.451,92.8,94.2,94.2,2002, 38.9071923, -77.0368707, #002B5C,Washington Wizards,WAS
36,46,0.439,87.2,88.7,88.7,2002, 25.7616798, -80.1917902, #98002E,Miami Heat,MIA
30,52,0.366,91.6,95.6,95.6,2002, 40.7127837, -74.0059413, #006BB6,New York Knicks,NYK
50,32,0.61,94.3,92.2,92.2,2002, 42.331427, -83.0457538, #C8102E,Detroit Pistons,DET
44,38,0.537,93.9,92.9,92.9,2002, 35.2270869, -80.8431267, #1D1160,Charlotte Hornets,CHH
42,40,0.512,91.4,91.8,91.8,2002, 43.6532, -79.3832, #CE1141,Toronto Raptors,TOR
42,40,0.512,96.8,96.5,96.5,2002, 39.768403, -86.158068, #002D62,Indiana Pacers,IND
41,41,0.5,97.5,97.7,97.7,2002, 43.0389025, -87.9064736, #00471B,Milwaukee Bucks,MIL
33,49,0.402,94,98.3,98.3,2002, 33.7489954, -84.3879824, #E03A3E,Atlanta Hawks,ATL
29,53,0.354,95.3,98.6,98.6,2002, 41.49932, -81.6943605, #6F263D,Cleveland Cavaliers,CLE
21,61,0.256,89.5,98,98,2002, 41.8781136, -87.6297982, #CE1141,Chicago Bulls,CHI
58,24,0.707,96.7,90.5,90.5,2002, 29.4241219, -98.4936282, #C4CED4,San Antonio Spurs,SAS
57,25,0.695,105.2,101,101,2002, 32.7766642, -96.7969879, #00538C,Dallas Mavericks,DAL
50,32,0.61,99.3,96,96,2002, 44.977753, -93.2650108, #0C2340,Minnesota Timberwolves,MIN
44,38,0.537,96,95.1,95.1,2002, 40.7607793, -111.8910474, #002B5C,Utah Jazz,UTA
28,54,0.341,92.3,97.2,97.2,2002, 29.7604267, -95.3698028, #CE1141,Houston Rockets,HOU
27,55,0.329,92.2,98,98,2002, 39.7392358, -104.990251, #0E2240,Denver Nuggets,DEN
23,59,0.28,89.9,97.3,97.3,2002, 35.1495343, -90.0489801, #5D76A9,Memphis Grizzlies,MEM
61,21,0.744,104.6,97,97,2002, 38.5815719, -121.4943996, #5A2D81,Sacramento Kings,SAC
58,24,0.707,101.3,94.1,94.1,2002, 34.0522342, -118.2436849, #552583,Los Angeles Lakers,LAL
49,33,0.598,96.6,93.7,93.7,2002, 45.5230622, -122.6764816, #E03A3E,Portland Trail Blazers,POR
45,37,0.549,97.7,94.7,94.7,2002, 47.6062095, -122.3320708, #00653A,Seattle SuperSonics,SEA
39,43,0.476,95.7,96.1,96.1,2002, 32.715738, -117.1610838, #C8102E,Los Angeles Clippers,LAC
21,61,0.256,97.7,103.1,103.1,2002, 37.8043637, -122.2711137, #006BB6,Golden State Warriors,GSW
49,33,0.598,95.4,90.1,90.1,2003, 40.7127837, -74.0059413, #000000,New Jersey Nets,NJN
48,34,0.585,96.8,94.5,94.5,2003, 39.9525839, -75.1652215, #006BB6,Philadelphia 76ers,PHI
44,38,0.537,92.7,93.1,93.1,2003, 42.3600825, -71.0588801, #007A33,Boston Celtics,BOS
42,40,0.512,98.5,98.4,98.4,2003, 28.5383355, -81.3792365, #0077C0,Orlando Magic,ORL
37,45,0.451,91.5,92.5,92.5,2003, 38.9071923, -77.0368707, #002B5C,Washington Wizards,WAS
37,45,0.451,95.9,97.2,97.2,2003, 40.7127837, -74.0059413, #006BB6,New York Knicks,NYK
25,57,0.305,85.6,90.6,90.6,2003, 25.7616798, -80.1917902, #98002E,Miami Heat,MIA
50,32,0.61,91.4,87.7,87.7,2003, 42.331427, -83.0457538, #C8102E,Detroit Pistons,DET
48,34,0.585,96.8,93.3,93.3,2003, 39.768403, -86.158068, #002D62,Indiana Pacers,IND
47,35,0.573,93.9,91.8,91.8,2003, 29.9510658, -90.0715323, #0C2340,New Orleans Hornets,NOH
42,40,0.512,99.5,99.3,99.3,2003, 43.0389025, -87.9064736, #00471B,Milwaukee Bucks,MIL
35,47,0.427,94.1,97.6,97.6,2003, 33.7489954, -84.3879824, #E03A3E,Atlanta Hawks,ATL
30,52,0.366,95,100.1,100.1,2003, 41.8781136, -87.6297982, #CE1141,Chicago Bulls,CHI
24,58,0.293,90.9,96.8,96.8,2003, 43.6532, -79.3832, #CE1141,Toronto Raptors,TOR
17,65,0.207,91.4,101,101,2003, 41.49932, -81.6943605, #6F263D,Cleveland Cavaliers,CLE
60,22,0.732,95.8,90.4,90.4,2003, 29.4241219, -98.4936282, #C4CED4,San Antonio Spurs,SAS
60,22,0.732,103,95.2,95.2,2003, 32.7766642, -96.7969879, #00538C,Dallas Mavericks,DAL
51,31,0.622,98.1,96,96,2003, 44.977753, -93.2650108, #0C2340,Minnesota Timberwolves,MIN
47,35,0.573,94.7,92.3,92.3,2003, 40.7607793, -111.8910474, #002B5C,Utah Jazz,UTA
43,39,0.524,93.8,92.3,92.3,2003, 29.7604267, -95.3698028, #CE1141,Houston Rockets,HOU
28,54,0.341,97.5,100.7,100.7,2003, 35.1495343, -90.0489801, #5D76A9,Memphis Grizzlies,MEM
17,65,0.207,84.2,92.4,92.4,2003, 39.7392358, -104.990251, #0E2240,Denver Nuggets,DEN
59,23,0.72,101.7,95.2,95.2,2003, 38.5815719, -121.4943996, #5A2D81,Sacramento Kings,SAC
50,32,0.61,100.4,98,98,2003, 34.0522342, -118.2436849, #552583,Los Angeles Lakers,LAL
50,32,0.61,95.2,92.5,92.5,2003, 45.5230622, -122.6764816, #E03A3E,Portland Trail Blazers,POR
40,42,0.488,92.1,92.3,92.3,2003, 47.6062095, -122.3320708, #00653A,Seattle SuperSonics,SEA
38,44,0.463,102.4,103.6,103.6,2003, 37.8043637, -122.2711137, #006BB6,Golden State Warriors,GSW
27,55,0.329,93.8,97.9,97.9,2003, 32.715738, -117.1610838, #C8102E,Los Angeles Clippers,LAC
47,35,0.573,90.3,87.8,87.8,2004, 40.7127837, -74.0059413, #000000,New Jersey Nets,NJN
42,40,0.512,90.3,89.7,89.7,2004, 25.7616798, -80.1917902, #98002E,Miami Heat,MIA
39,43,0.476,92,93.5,93.5,2004, 40.7127837, -74.0059413, #006BB6,New York Knicks,NYK
36,46,0.439,95.3,96.7,96.7,2004, 42.3600825, -71.0588801, #007A33,Boston Celtics,BOS
33,49,0.402,88,90.5,90.5,2004, 39.9525839, -75.1652215, #006BB6,Philadelphia 76ers,PHI
25,57,0.305,91.8,97.4,97.4,2004, 38.9071923, -77.0368707, #002B5C,Washington Wizards,WAS
21,61,0.256,94,101.1,101.1,2004, 28.5383355, -81.3792365, #0077C0,Orlando Magic,ORL
61,21,0.744,91.4,85.6,85.6,2004, 39.768403, -86.158068, #002D62,Indiana Pacers,IND
54,28,0.659,90.1,84.3,84.3,2004, 42.331427, -83.0457538, #C8102E,Detroit Pistons,DET
41,41,0.5,91.8,91.9,91.9,2004, 29.9510658, -90.0715323, #0C2340,New Orleans Hornets,NOH
41,41,0.5,98,97,97,2004, 43.0389025, -87.9064736, #00471B,Milwaukee Bucks,MIL
35,47,0.427,92.9,95.5,95.5,2004, 41.49932, -81.6943605, #6F263D,Cleveland Cavaliers,CLE
33,49,0.402,85.4,88.5,88.5,2004, 43.6532, -79.3832, #CE1141,Toronto Raptors,TOR
28,54,0.341,92.8,97.5,97.5,2004, 33.7489954, -84.3879824, #E03A3E,Atlanta Hawks,ATL
23,59,0.28,89.7,96,96,2004, 41.8781136, -87.6297982, #CE1141,Chicago Bulls,CHI
58,24,0.707,94.5,89.1,89.1,2004, 44.977753, -93.2650108, #0C2340,Minnesota Timberwolves,MIN
57,25,0.695,91.5,84.3,84.3,2004, 29.4241219, -98.4936282, #C4CED4,San Antonio Spurs,SAS
52,30,0.634,105.2,100.8,100.8,2004, 32.7766642, -96.7969879, #00538C,Dallas Mavericks,DAL
50,32,0.61,96.7,94.3,94.3,2004, 35.1495343, -90.0489801, #5D76A9,Memphis Grizzlies,MEM
45,37,0.549,89.8,88,88,2004, 29.7604267, -95.3698028, #CE1141,Houston Rockets,HOU
43,39,0.524,97.2,96.1,96.1,2004, 39.7392358, -104.990251, #0E2240,Denver Nuggets,DEN
42,40,0.512,88.7,89.9,89.9,2004, 40.7607793, -111.8910474, #002B5C,Utah Jazz,UTA
56,26,0.683,98.2,94.3,94.3,2004, 34.0522342, -118.2436849, #552583,Los Angeles Lakers,LAL
55,27,0.671,102.8,97.8,97.8,2004, 38.5815719, -121.4943996, #5A2D81,Sacramento Kings,SAC
41,41,0.5,90.7,92,92,2004, 45.5230622, -122.6764816, #E03A3E,Portland Trail Blazers,POR
37,45,0.451,93.3,94,94,2004, 37.8043637, -122.2711137, #006BB6,Golden State Warriors,GSW
37,45,0.451,97.1,97.8,97.8,2004, 47.6062095, -122.3320708, #00653A,Seattle SuperSonics,SEA
28,54,0.341,94.8,99.4,99.4,2004, 32.715738, -117.1610838, #C8102E,Los Angeles Clippers,LAC
45,37,0.549,101.3,100.4,100.4,2005, 42.3600825, -71.0588801, #007A33,Boston Celtics,BOS
43,39,0.524,99.1,99.9,99.9,2005, 39.9525839, -75.1652215, #006BB6,Philadelphia 76ers,PHI
42,40,0.512,91.4,92.9,92.9,2005, 40.7127837, -74.0059413, #000000,New Jersey Nets,NJN
33,49,0.402,99.7,101.4,101.4,2005, 43.6532, -79.3832, #CE1141,Toronto Raptors,TOR
33,49,0.402,97.3,99.7,99.7,2005, 40.7127837, -74.0059413, #006BB6,New York Knicks,NYK
54,28,0.659,93.3,89.5,89.5,2005, 42.331427, -83.0457538, #C8102E,Detroit Pistons,DET
47,35,0.573,94.5,93.4,93.4,2005, 41.8781136, -87.6297982, #CE1141,Chicago Bulls,CHI
44,38,0.537,93,92.2,92.2,2005, 39.768403, -86.158068, #002D62,Indiana Pacers,IND
42,40,0.512,96.5,95.7,95.7,2005, 41.49932, -81.6943605, #6F263D,Cleveland Cavaliers,CLE
30,52,0.366,97.2,100.2,100.2,2005, 43.0389025, -87.9064736, #00471B,Milwaukee Bucks,MIL
59,23,0.72,101.5,95,95,2005, 25.7616798, -80.1917902, #98002E,Miami Heat,MIA
45,37,0.549,100.5,100.8,100.8,2005, 38.9071923, -77.0368707, #002B5C,Washington Wizards,WAS
36,46,0.439,99.5,101.8,101.8,2005, 28.5383355, -81.3792365, #0077C0,Orlando Magic,ORL
18,64,0.22,94.3,100.2,100.2,2005, 35.2270869, -80.8431267, #1D1160,Charlotte Bobcats,CHA
13,69,0.159,92.7,102.5,102.5,2005, 33.7489954, -84.3879824, #E03A3E,Atlanta Hawks,ATL
52,30,0.634,98.9,96.6,96.6,2005, 47.6062095, -122.3320708, #00653A,Seattle SuperSonics,SEA
49,33,0.598,99.5,97.5,97.5,2005, 39.7392358, -104.990251, #0E2240,Denver Nuggets,DEN
44,38,0.537,96.8,95.3,95.3,2005, 44.977753, -93.2650108, #0C2340,Minnesota Timberwolves,MIN
27,55,0.329,92.9,96.9,96.9,2005, 45.5230622, -122.6764816, #E03A3E,Portland Trail Blazers,POR
26,56,0.317,93,97.3,97.3,2005, 40.7607793, -111.8910474, #002B5C,Utah Jazz,UTA
50,32,0.61,103.7,101.6,101.6,2005, 38.5815719, -121.4943996, #5A2D81,Sacramento Kings,SAC
37,45,0.451,95.7,96.5,96.5,2005, 32.715738, -117.1610838, #C8102E,Los Angeles Clippers,LAC
34,48,0.415,98.7,101.7,101.7,2005, 34.0522342, -118.2436849, #552583,Los Angeles Lakers,LAL
34,48,0.415,98.7,100.9,100.9,2005, 37.8043637, -122.2711137, #006BB6,Golden State Warriors,GSW
59,23,0.72,96.2,88.4,88.4,2005, 29.4241219, -98.4936282, #C4CED4,San Antonio Spurs,SAS
58,24,0.707,102.5,96.8,96.8,2005, 32.7766642, -96.7969879, #00538C,Dallas Mavericks,DAL
51,31,0.622,95.1,91,91,2005, 29.7604267, -95.3698028, #CE1141,Houston Rockets,HOU
45,37,0.549,93.4,91.1,91.1,2005, 35.1495343, -90.0489801, #5D76A9,Memphis Grizzlies,MEM
18,64,0.22,88.4,95.5,95.5,2005, 29.9510658, -90.0715323, #0C2340,New Orleans Hornets,NOH
49,33,0.598,93.8,92.4,92.4,2006, 40.7127837, -74.0059413, #000000,New Jersey Nets,NJN
38,44,0.463,99.4,101.3,101.3,2006, 39.9525839, -75.1652215, #006BB6,Philadelphia 76ers,PHI
33,49,0.402,98,99.5,99.5,2006, 42.3600825, -71.0588801, #007A33,Boston Celtics,BOS
27,55,0.329,101.1,104,104,2006, 43.6532, -79.3832, #CE1141,Toronto Raptors,TOR
23,59,0.28,95.6,102,102,2006, 40.7127837, -74.0059413, #006BB6,New York Knicks,NYK
64,18,0.78,96.8,90.2,90.2,2006, 42.331427, -83.0457538, #C8102E,Detroit Pistons,DET
50,32,0.61,97.6,95.4,95.4,2006, 41.49932, -81.6943605, #6F263D,Cleveland Cavaliers,CLE
41,41,0.5,93.9,92,92,2006, 39.768403, -86.158068, #002D62,Indiana Pacers,IND
41,41,0.5,97.8,97.2,97.2,2006, 41.8781136, -87.6297982, #CE1141,Chicago Bulls,CHI
40,42,0.488,97.8,98.8,98.8,2006, 43.0389025, -87.9064736, #00471B,Milwaukee Bucks,MIL
52,30,0.634,99.9,96,96,2006, 25.7616798, -80.1917902, #98002E,Miami Heat,MIA
42,40,0.512,101.7,99.8,99.8,2006, 38.9071923, -77.0368707, #002B5C,Washington Wizards,WAS
36,46,0.439,94.9,96,96,2006, 28.5383355, -81.3792365, #0077C0,Orlando Magic,ORL
26,56,0.317,96.9,100.9,100.9,2006, 35.2270869, -80.8431267, #1D1160,Charlotte Bobcats,CHA
26,56,0.317,97.2,102,102,2006, 33.7489954, -84.3879824, #E03A3E,Atlanta Hawks,ATL
44,38,0.537,100.3,100.1,100.1,2006, 39.7392358, -104.990251, #0E2240,Denver Nuggets,DEN
41,41,0.5,92.4,95,95,2006, 40.7607793, -111.8910474, #002B5C,Utah Jazz,UTA
35,47,0.427,102.6,105.6,105.6,2006, 47.6062095, -122.3320708, #00653A,Seattle SuperSonics,SEA
33,49,0.402,91.7,93.6,93.6,2006, 44.977753, -93.2650108, #0C2340,Minnesota Timberwolves,MIN
21,61,0.256,88.8,98.3,98.3,2006, 45.5230622, -122.6764816, #E03A3E,Portland Trail Blazers,POR
47,35,0.573,97.2,95.6,95.6,2006, 32.715738, -117.1610838, #C8102E,Los Angeles Clippers,LAC
45,37,0.549,99.4,96.9,96.9,2006, 34.0522342, -118.2436849, #552583,Los Angeles Lakers,LAL
44,38,0.537,98.9,97.3,97.3,2006, 38.5815719, -121.4943996, #5A2D81,Sacramento Kings,SAC
34,48,0.415,98.5,99.8,99.8,2006, 37.8043637, -122.2711137, #006BB6,Golden State Warriors,GSW
63,19,0.768,95.6,88.8,88.8,2006, 29.4241219, -98.4936282, #C4CED4,San Antonio Spurs,SAS
60,22,0.732,99.1,93.1,93.1,2006, 32.7766642, -96.7969879, #00538C,Dallas Mavericks,DAL
49,33,0.598,92.2,88.5,88.5,2006, 35.1495343, -90.0489801, #5D76A9,Memphis Grizzlies,MEM
38,44,0.463,92.8,95.6,95.6,2006, 35.4675602, -97.5164276, #0C2340,New Orleans/Oklahoma City Hornets,NOK
34,48,0.415,90.1,91.7,91.7,2006, 29.7604267, -95.3698028, #CE1141,Houston Rockets,HOU
47,35,0.573,99.5,98.5,98.5,2007, 43.6532, -79.3832, #CE1141,Toronto Raptors,TOR
41,41,0.5,97.6,98.3,98.3,2007, 40.7127837, -74.0059413, #000000,New Jersey Nets,NJN
35,47,0.427,94.9,98,98,2007, 39.9525839, -75.1652215, #006BB6,Philadelphia 76ers,PHI
33,49,0.402,97.5,100.3,100.3,2007, 40.7127837, -74.0059413, #006BB6,New York Knicks,NYK
24,58,0.293,95.8,99.2,99.2,2007, 42.3600825, -71.0588801, #007A33,Boston Celtics,BOS
53,29,0.646,96,91.8,91.8,2007, 42.331427, -83.0457538, #C8102E,Detroit Pistons,DET
50,32,0.61,96.8,92.9,92.9,2007, 41.49932, -81.6943605, #6F263D,Cleveland Cavaliers,CLE
49,33,0.598,98.8,93.8,93.8,2007, 41.8781136, -87.6297982, #CE1141,Chicago Bulls,CHI
35,47,0.427,95.6,98,98,2007, 39.768403, -86.158068, #002D62,Indiana Pacers,IND
28,54,0.341,99.7,104,104,2007, 43.0389025, -87.9064736, #00471B,Milwaukee Bucks,MIL
44,38,0.537,94.6,95.5,95.5,2007, 25.7616798, -80.1917902, #98002E,Miami Heat,MIA
41,41,0.5,104.3,104.9,104.9,2007, 38.9071923, -77.0368707, #002B5C,Washington Wizards,WAS
40,42,0.488,94.8,94,94,2007, 28.5383355, -81.3792365, #0077C0,Orlando Magic,ORL
33,49,0.402,96.9,100.6,100.6,2007, 35.2270869, -80.8431267, #1D1160,Charlotte Bobcats,CHA
30,52,0.366,93.7,98.4,98.4,2007, 33.7489954, -84.3879824, #E03A3E,Atlanta Hawks,ATL
51,31,0.622,101.5,98.6,98.6,2007, 40.7607793, -111.8910474, #002B5C,Utah Jazz,UTA
45,37,0.549,105.4,103.7,103.7,2007, 39.7392358, -104.990251, #0E2240,Denver Nuggets,DEN
32,50,0.39,94.1,98.4,98.4,2007, 45.5230622, -122.6764816, #E03A3E,Portland Trail Blazers,POR
32,50,0.39,96.1,99.7,99.7,2007, 44.977753, -93.2650108, #0C2340,Minnesota Timberwolves,MIN
31,51,0.378,99.1,102,102,2007, 47.6062095, -122.3320708, #00653A,Seattle SuperSonics,SEA
42,40,0.512,103.3,103.4,103.4,2007, 34.0522342, -118.2436849, #552583,Los Angeles Lakers,LAL
42,40,0.512,106.5,106.9,106.9,2007, 37.8043637, -122.2711137, #006BB6,Golden State Warriors,GSW
40,42,0.488,95.6,96.1,96.1,2007, 32.715738, -117.1610838, #C8102E,Los Angeles Clippers,LAC
33,49,0.402,101.3,103.1,103.1,2007, 38.5815719, -121.4943996, #5A2D81,Sacramento Kings,SAC
67,15,0.817,100,92.8,92.8,2007, 32.7766642, -96.7969879, #00538C,Dallas Mavericks,DAL
58,24,0.707,98.5,90.1,90.1,2007, 29.4241219, -98.4936282, #C4CED4,San Antonio Spurs,SAS
52,30,0.634,97,92.1,92.1,2007, 29.7604267, -95.3698028, #CE1141,Houston Rockets,HOU
39,43,0.476,95.5,97.1,97.1,2007, 35.4675602, -97.5164276, #0C2340,New Orleans/Oklahoma City Hornets,NOK
22,60,0.268,101.6,106.7,106.7,2007, 35.1495343, -90.0489801, #5D76A9,Memphis Grizzlies,MEM
66,16,0.805,100.5,90.3,90.3,2008, 42.3600825, -71.0588801, #007A33,Boston Celtics,BOS
41,41,0.5,100.2,97.3,97.3,2008, 43.6532, -79.3832, #CE1141,Toronto Raptors,TOR
40,42,0.488,96.6,96.2,96.2,2008, 39.9525839, -75.1652215, #006BB6,Philadelphia 76ers,PHI
34,48,0.415,95.8,100.9,100.9,2008, 40.7127837, -74.0059413, #000000,New Jersey Nets,NJN
23,59,0.28,96.9,103.5,103.5,2008, 40.7127837, -74.0059413, #006BB6,New York Knicks,NYK
59,23,0.72,97.5,90.1,90.1,2008, 42.331427, -83.0457538, #C8102E,Detroit Pistons,DET
45,37,0.549,96.4,96.7,96.7,2008, 41.49932, -81.6943605, #6F263D,Cleveland Cavaliers,CLE
36,46,0.439,104,105.4,105.4,2008, 39.768403, -86.158068, #002D62,Indiana Pacers,IND
33,49,0.402,97.3,100.4,100.4,2008, 41.8781136, -87.6297982, #CE1141,Chicago Bulls,CHI
26,56,0.317,97,103.9,103.9,2008, 43.0389025, -87.9064736, #00471B,Milwaukee Bucks,MIL
52,30,0.634,104.5,99,99,2008, 28.5383355, -81.3792365, #0077C0,Orlando Magic,ORL
43,39,0.524,98.8,99.2,99.2,2008, 38.9071923, -77.0368707, #002B5C,Washington Wizards,WAS
37,45,0.451,98.2,100,100,2008, 33.7489954, -84.3879824, #E03A3E,Atlanta Hawks,ATL
32,50,0.39,97.1,101.4,101.4,2008, 35.2270869, -80.8431267, #1D1160,Charlotte Bobcats,CHA
15,67,0.183,91.4,100,100,2008, 25.7616798, -80.1917902, #98002E,Miami Heat,MIA
54,28,0.659,106.2,99.3,99.3,2008, 40.7607793, -111.8910474, #002B5C,Utah Jazz,UTA
50,32,0.61,110.7,107,107,2008, 39.7392358, -104.990251, #0E2240,Denver Nuggets,DEN
41,41,0.5,95.4,96.3,96.3,2008, 45.5230622, -122.6764816, #E03A3E,Portland Trail Blazers,POR
22,60,0.268,95.6,102.4,102.4,2008, 44.977753, -93.2650108, #0C2340,Minnesota Timberwolves,MIN
20,62,0.244,97.5,106.3,106.3,2008, 47.6062095, -122.3320708, #00653A,Seattle SuperSonics,SEA
57,25,0.695,108.6,101.3,101.3,2008, 34.0522342, -118.2436849, #552583,Los Angeles Lakers,LAL
48,34,0.585,111,108.8,108.8,2008, 37.8043637, -122.2711137, #006BB6,Golden State Warriors,GSW
38,44,0.463,102.5,104.8,104.8,2008, 38.5815719, -121.4943996, #5A2D81,Sacramento Kings,SAC
23,59,0.28,93.8,101.1,101.1,2008, 32.715738, -117.1610838, #C8102E,Los Angeles Clippers,LAC
56,26,0.683,100.9,95.6,95.6,2008, 29.9510658, -90.0715323, #0C2340,New Orleans Hornets,NOH
56,26,0.683,95.4,90.6,90.6,2008, 29.4241219, -98.4936282, #C4CED4,San Antonio Spurs,SAS
55,27,0.671,96.7,92,92,2008, 29.7604267, -95.3698028, #CE1141,Houston Rockets,HOU
51,31,0.622,100.4,95.9,95.9,2008, 32.7766642, -96.7969879, #00538C,Dallas Mavericks,DAL
22,60,0.268,100.7,106.9,106.9,2008, 35.1495343, -90.0489801, #5D76A9,Memphis Grizzlies,MEM
62,20,0.756,100.9,93.4,93.4,2009, 42.3600825, -71.0588801, #007A33,Boston Celtics,BOS
41,41,0.5,97.4,97.3,97.3,2009, 39.9525839, -75.1652215, #006BB6,Philadelphia 76ers,PHI
34,48,0.415,98.1,100.5,100.5,2009, 40.7127837, -74.0059413, #000000,New Jersey Nets,NJN
33,49,0.402,99,101.9,101.9,2009, 43.6532, -79.3832, #CE1141,Toronto Raptors,TOR
32,50,0.39,105.2,107.8,107.8,2009, 40.7127837, -74.0059413, #006BB6,New York Knicks,NYK
66,16,0.805,100.3,91.4,91.4,2009, 41.49932, -81.6943605, #6F263D,Cleveland Cavaliers,CLE
41,41,0.5,102.2,102.5,102.5,2009, 41.8781136, -87.6297982, #CE1141,Chicago Bulls,CHI
39,43,0.476,94.2,94.7,94.7,2009, 42.331427, -83.0457538, #C8102E,Detroit Pistons,DET
36,46,0.439,105.1,106.2,106.2,2009, 39.768403, -86.158068, #002D62,Indiana Pacers,IND
34,48,0.415,99.3,100.4,100.4,2009, 43.0389025, -87.9064736, #00471B,Milwaukee Bucks,MIL
59,23,0.72,101,94.4,94.4,2009, 28.5383355, -81.3792365, #0077C0,Orlando Magic,ORL
47,35,0.573,98.1,96.5,96.5,2009, 33.7489954, -84.3879824, #E03A3E,Atlanta Hawks,ATL
43,39,0.524,98.3,98,98,2009, 25.7616798, -80.1917902, #98002E,Miami Heat,MIA
35,47,0.427,93.6,94.9,94.9,2009, 35.2270869, -80.8431267, #1D1160,Charlotte Bobcats,CHA
19,63,0.232,96.1,103.5,103.5,2009, 38.9071923, -77.0368707, #002B5C,Washington Wizards,WAS
54,28,0.659,104.3,100.9,100.9,2009, 39.7392358, -104.990251, #0E2240,Denver Nuggets,DEN
54,28,0.659,99.4,94.1,94.1,2009, 45.5230622, -122.6764816, #E03A3E,Portland Trail Blazers,POR
48,34,0.585,103.6,100.9,100.9,2009, 40.7607793, -111.8910474, #002B5C,Utah Jazz,UTA
24,58,0.293,97.8,102.7,102.7,2009, 44.977753, -93.2650108, #0C2340,Minnesota Timberwolves,MIN
23,59,0.28,97,103.1,103.1,2009, 35.4675602, -97.5164276, #007AC1,Oklahoma City Thunder,OKC
65,17,0.793,106.9,99.3,99.3,2009, 34.0522342, -118.2436849, #552583,Los Angeles Lakers,LAL
29,53,0.354,108.6,112.3,112.3,2009, 37.8043637, -122.2711137, #006BB6,Golden State Warriors,GSW
19,63,0.232,95.1,103.9,103.9,2009, 32.715738, -117.1610838, #C8102E,Los Angeles Clippers,LAC
17,65,0.207,100.6,109.3,109.3,2009, 38.5815719, -121.4943996, #5A2D81,Sacramento Kings,SAC
54,28,0.659,97,93.3,93.3,2009, 29.4241219, -98.4936282, #C4CED4,San Antonio Spurs,SAS
53,29,0.646,98.4,94.4,94.4,2009, 29.7604267, -95.3698028, #CE1141,Houston Rockets,HOU
50,32,0.61,101.7,99.8,99.8,2009, 32.7766642, -96.7969879, #00538C,Dallas Mavericks,DAL
49,33,0.598,95.8,94.3,94.3,2009, 29.9510658, -90.0715323, #0C2340,New Orleans Hornets,NOH
24,58,0.293,93.9,99.3,99.3,2009, 35.1495343, -90.0489801, #5D76A9,Memphis Grizzlies,MEM
50,32,0.61,99.2,95.6,95.6,2010, 42.3600825, -71.0588801, #007A33,Boston Celtics,BOS
40,42,0.488,104.1,105.9,105.9,2010, 43.6532, -79.3832, #CE1141,Toronto Raptors,TOR
29,53,0.354,102.1,105.9,105.9,2010, 40.7127837, -74.0059413, #006BB6,New York Knicks,NYK
27,55,0.329,97.7,101.6,101.6,2010, 39.9525839, -75.1652215, #006BB6,Philadelphia 76ers,PHI
12,70,0.146,92.4,101.5,101.5,2010, 40.7127837, -74.0059413, #000000,New Jersey Nets,NJN
61,21,0.744,102.1,95.6,95.6,2010, 41.49932, -81.6943605, #6F263D,Cleveland Cavaliers,CLE
46,36,0.561,97.7,96,96,2010, 43.0389025, -87.9064736, #00471B,Milwaukee Bucks,MIL
41,41,0.5,97.5,99.1,99.1,2010, 41.8781136, -87.6297982, #CE1141,Chicago Bulls,CHI
32,50,0.39,100.8,103.8,103.8,2010, 39.768403, -86.158068, #002D62,Indiana Pacers,IND
27,55,0.329,94,99.1,99.1,2010, 42.331427, -83.0457538, #C8102E,Detroit Pistons,DET
59,23,0.72,102.8,95.3,95.3,2010, 28.5383355, -81.3792365, #0077C0,Orlando Magic,ORL
53,29,0.646,101.7,97,97,2010, 33.7489954, -84.3879824, #E03A3E,Atlanta Hawks,ATL
47,35,0.573,96.5,94.2,94.2,2010, 25.7616798, -80.1917902, #98002E,Miami Heat,MIA
44,38,0.537,95.3,93.8,93.8,2010, 35.2270869, -80.8431267, #1D1160,Charlotte Bobcats,CHA
26,56,0.317,96.2,101,101,2010, 38.9071923, -77.0368707, #002B5C,Washington Wizards,WAS
53,29,0.646,106.5,102.4,102.4,2010, 39.7392358, -104.990251, #0E2240,Denver Nuggets,DEN
53,29,0.646,104.2,98.9,98.9,2010, 40.7607793, -111.8910474, #002B5C,Utah Jazz,UTA
50,32,0.61,98.1,94.8,94.8,2010, 45.5230622, -122.6764816, #E03A3E,Portland Trail Blazers,POR
50,32,0.61,101.5,98,98,2010, 35.4675602, -97.5164276, #007AC1,Oklahoma City Thunder,OKC
15,67,0.183,98.2,107.8,107.8,2010, 44.977753, -93.2650108, #0C2340,Minnesota Timberwolves,MIN
57,25,0.695,101.7,97,97,2010, 34.0522342, -118.2436849, #552583,Los Angeles Lakers,LAL
29,53,0.354,95.7,102.1,102.1,2010, 32.715738, -117.1610838, #C8102E,Los Angeles Clippers,LAC
26,56,0.317,108.8,112.4,112.4,2010, 37.8043637, -122.2711137, #006BB6,Golden State Warriors,GSW
25,57,0.305,100,104.4,104.4,2010, 38.5815719, -121.4943996, #5A2D81,Sacramento Kings,SAC
55,27,0.671,102,99.3,99.3,2010, 32.7766642, -96.7969879, #00538C,Dallas Mavericks,DAL
50,32,0.61,101.4,96.3,96.3,2010, 29.4241219, -98.4936282, #C4CED4,San Antonio Spurs,SAS
42,40,0.512,102.4,102.7,102.7,2010, 29.7604267, -95.3698028, #CE1141,Houston Rockets,HOU
40,42,0.488,102.5,104,104,2010, 35.1495343, -90.0489801, #5D76A9,Memphis Grizzlies,MEM
37,45,0.451,100.2,102.7,102.7,2010, 29.9510658, -90.0715323, #0C2340,New Orleans Hornets,NOH
56,26,0.683,96.5,91.1,91.1,2011, 42.3600825, -71.0588801, #007A33,Boston Celtics,BOS
42,40,0.512,106.5,105.7,105.7,2011, 40.7127837, -74.0059413, #006BB6,New York Knicks,NYK
41,41,0.5,99,97.5,97.5,2011, 39.9525839, -75.1652215, #006BB6,Philadelphia 76ers,PHI
24,58,0.293,94.2,100.4,100.4,2011, 40.7127837, -74.0059413, #000000,New Jersey Nets,NJN
22,60,0.268,99.1,105.4,105.4,2011, 43.6532, -79.3832, #CE1141,Toronto Raptors,TOR
62,20,0.756,98.6,91.3,91.3,2011, 41.8781136, -87.6297982, #CE1141,Chicago Bulls,CHI
37,45,0.451,99.8,100.9,100.9,2011, 39.768403, -86.158068, #002D62,Indiana Pacers,IND
35,47,0.427,91.9,92.7,92.7,2011, 43.0389025, -87.9064736, #00471B,Milwaukee Bucks,MIL
30,52,0.366,97,100.6,100.6,2011, 42.331427, -83.0457538, #C8102E,Detroit Pistons,DET
19,63,0.232,95.5,104.5,104.5,2011, 41.49932, -81.6943605, #6F263D,Cleveland Cavaliers,CLE
58,24,0.707,102.1,94.6,94.6,2011, 25.7616798, -80.1917902, #98002E,Miami Heat,MIA
52,30,0.634,99.2,93.7,93.7,2011, 28.5383355, -81.3792365, #0077C0,Orlando Magic,ORL
44,38,0.537,95,95.8,95.8,2011, 33.7489954, -84.3879824, #E03A3E,Atlanta Hawks,ATL
34,48,0.415,93.3,97.3,97.3,2011, 35.2270869, -80.8431267, #1D1160,Charlotte Bobcats,CHA
23,59,0.28,97.3,104.7,104.7,2011, 38.9071923, -77.0368707, #002B5C,Washington Wizards,WAS
55,27,0.671,104.8,101,101,2011, 35.4675602, -97.5164276, #007AC1,Oklahoma City Thunder,OKC
50,32,0.61,107.5,102.7,102.7,2011, 39.7392358, -104.990251, #0E2240,Denver Nuggets,DEN
48,34,0.585,96.3,94.8,94.8,2011, 45.5230622, -122.6764816, #E03A3E,Portland Trail Blazers,POR
39,43,0.476,99.4,101.3,101.3,2011, 40.7607793, -111.8910474, #002B5C,Utah Jazz,UTA
17,65,0.207,101.1,107.7,107.7,2011, 44.977753, -93.2650108, #0C2340,Minnesota Timberwolves,MIN
57,25,0.695,101.5,95.4,95.4,2011, 34.0522342, -118.2436849, #552583,Los Angeles Lakers,LAL
36,46,0.439,103.4,105.7,105.7,2011, 37.8043637, -122.2711137, #006BB6,Golden State Warriors,GSW
32,50,0.39,98.6,101.8,101.8,2011, 32.715738, -117.1610838, #C8102E,Los Angeles Clippers,LAC
24,58,0.293,99.4,104.7,104.7,2011, 38.5815719, -121.4943996, #5A2D81,Sacramento Kings,SAC
61,21,0.744,103.7,98,98,2011, 29.4241219, -98.4936282, #C4CED4,San Antonio Spurs,SAS
57,25,0.695,100.2,96,96,2011, 32.7766642, -96.7969879, #00538C,Dallas Mavericks,DAL
46,36,0.561,94.9,94,94,2011, 29.9510658, -90.0715323, #0C2340,New Orleans Hornets,NOH
46,36,0.561,99.9,97.6,97.6,2011, 35.1495343, -90.0489801, #5D76A9,Memphis Grizzlies,MEM
43,39,0.524,105.9,103.7,103.7,2011, 29.7604267, -95.3698028, #CE1141,Houston Rockets,HOU
39,27,0.591,91.8,89.3,89.3,2012, 42.3600825, -71.0588801, #007A33,Boston Celtics,BOS
36,30,0.545,97.8,94.7,94.7,2012, 40.7127837, -74.0059413, #006BB6,New York Knicks,NYK
35,31,0.53,93.6,89.4,89.4,2012, 39.9525839, -75.1652215, #006BB6,Philadelphia 76ers,PHI
23,43,0.348,90.7,94,94,2012, 43.6532, -79.3832, #CE1141,Toronto Raptors,TOR
22,44,0.333,93.1,99.1,99.1,2012, 40.7127837, -74.0059413, #000000,New Jersey Nets,NJN
50,16,0.758,96.3,88.2,88.2,2012, 41.8781136, -87.6297982, #CE1141,Chicago Bulls,CHI
42,24,0.636,97.7,94.4,94.4,2012, 39.768403, -86.158068, #002D62,Indiana Pacers,IND
31,35,0.47,99,98.7,98.7,2012, 43.0389025, -87.9064736, #00471B,Milwaukee Bucks,MIL
25,41,0.379,90.9,95.7,95.7,2012, 42.331427, -83.0457538, #C8102E,Detroit Pistons,DET
21,45,0.318,93,100.2,100.2,2012, 41.49932, -81.6943605, #6F263D,Cleveland Cavaliers,CLE
46,20,0.697,98.5,92.5,92.5,2012, 25.7616798, -80.1917902, #98002E,Miami Heat,MIA
40,26,0.606,96.6,93.2,93.2,2012, 33.7489954, -84.3879824, #E03A3E,Atlanta Hawks,ATL
37,29,0.561,94.2,93.4,93.4,2012, 28.5383355, -81.3792365, #0077C0,Orlando Magic,ORL
20,46,0.303,93.6,98.4,98.4,2012, 38.9071923, -77.0368707, #002B5C,Washington Wizards,WAS
7,59,0.106,87,100.9,100.9,2012, 35.2270869, -80.8431267, #1D1160,Charlotte Bobcats,CHA
47,19,0.712,103.1,96.9,96.9,2012, 35.4675602, -97.5164276, #007AC1,Oklahoma City Thunder,OKC
38,28,0.576,104.1,101.2,101.2,2012, 39.7392358, -104.990251, #0E2240,Denver Nuggets,DEN
36,30,0.545,99.7,99,99,2012, 40.7607793, -111.8910474, #002B5C,Utah Jazz,UTA
28,38,0.424,97.2,97.8,97.8,2012, 45.5230622, -122.6764816, #E03A3E,Portland Trail Blazers,POR
26,40,0.394,97.9,100.1,100.1,2012, 44.977753, -93.2650108, #0C2340,Minnesota Timberwolves,MIN
41,25,0.621,97.3,95.9,95.9,2012, 34.0522342, -118.2436849, #552583,Los Angeles Lakers,LAL
40,26,0.606,97.5,95,95,2012, 32.715738, -117.1610838, #C8102E,Los Angeles Clippers,LAC
23,43,0.348,97.8,101.2,101.2,2012, 37.8043637, -122.2711137, #006BB6,Golden State Warriors,GSW
22,44,0.333,98.8,104.4,104.4,2012, 38.5815719, -121.4943996, #5A2D81,Sacramento Kings,SAC
50,16,0.758,103.7,96.5,96.5,2012, 29.4241219, -98.4936282, #C4CED4,San Antonio Spurs,SAS
41,25,0.621,95,93,93,2012, 35.1495343, -90.0489801, #5D76A9,Memphis Grizzlies,MEM
36,30,0.545,95.8,94.8,94.8,2012, 32.7766642, -96.7969879, #00538C,Dallas Mavericks,DAL
34,32,0.515,98.1,97.9,97.9,2012, 29.7604267, -95.3698028, #CE1141,Houston Rockets,HOU
21,45,0.318,89.6,93.4,93.4,2012, 29.9510658, -90.0715323, #0C2340,New Orleans Hornets,NOH
54,28,0.659,100,95.7,95.7,2013, 40.7127837, -74.0059413, #006BB6,New York Knicks,NYK
49,33,0.598,96.9,95.1,95.1,2013, 41.7127837, -74.0059413, #000000,Brooklyn Nets,BRK
41,40,0.506,96.5,96.7,96.7,2013, 42.3600825, -71.0588801, #007A33,Boston Celtics,BOS
34,48,0.415,93.2,96.5,96.5,2013, 39.9525839, -75.1652215, #006BB6,Philadelphia 76ers,PHI
34,48,0.415,97.2,98.7,98.7,2013, 43.6532, -79.3832, #CE1141,Toronto Raptors,TOR
49,32,0.605,94.7,90.7,90.7,2013, 39.768403, -86.158068, #002D62,Indiana Pacers,IND
45,37,0.549,93.2,92.9,92.9,2013, 41.8781136, -87.6297982, #CE1141,Chicago Bulls,CHI
38,44,0.463,98.9,100.4,100.4,2013, 43.0389025, -87.9064736, #00471B,Milwaukee Bucks,MIL
29,53,0.354,94.9,98.8,98.8,2013, 42.331427, -83.0457538, #C8102E,Detroit Pistons,DET
24,58,0.293,96.5,101.2,101.2,2013, 41.49932, -81.6943605, #6F263D,Cleveland Cavaliers,CLE
66,16,0.805,102.9,95,95,2013, 25.7616798, -80.1917902, #98002E,Miami Heat,MIA
44,38,0.537,98,97.5,97.5,2013, 33.7489954, -84.3879824, #E03A3E,Atlanta Hawks,ATL
29,53,0.354,93.2,95.8,95.8,2013, 38.9071923, -77.0368707, #002B5C,Washington Wizards,WAS
21,61,0.256,93.4,102.7,102.7,2013, 35.2270869, -80.8431267, #1D1160,Charlotte Bobcats,CHA
20,62,0.244,94.1,101.1,101.1,2013, 28.5383355, -81.3792365, #0077C0,Orlando Magic,ORL
60,22,0.732,105.7,96.5,96.5,2013, 35.4675602, -97.5164276, #007AC1,Oklahoma City Thunder,OKC
57,25,0.695,106.1,101.1,101.1,2013, 39.7392358, -104.990251, #0E2240,Denver Nuggets,DEN
43,39,0.524,98,98.1,98.1,2013, 40.7607793, -111.8910474, #002B5C,Utah Jazz,UTA
33,49,0.402,97.5,100.7,100.7,2013, 45.5230622, -122.6764816, #E03A3E,Portland Trail Blazers,POR
31,51,0.378,95.7,98.1,98.1,2013, 44.977753, -93.2650108, #0C2340,Minnesota Timberwolves,MIN
56,26,0.683,101.1,94.6,94.6,2013, 32.715738, -117.1610838, #C8102E,Los Angeles Clippers,LAC
47,35,0.573,101.2,100.3,100.3,2013, 37.8043637, -122.2711137, #006BB6,Golden State Warriors,GSW
45,37,0.549,102.2,101,101,2013, 34.0522342, -118.2436849, #552583,Los Angeles Lakers,LAL
28,54,0.341,100.2,105.1,105.1,2013, 38.5815719, -121.4943996, #5A2D81,Sacramento Kings,SAC
58,24,0.707,103,96.6,96.6,2013, 29.4241219, -98.4936282, #C4CED4,San Antonio Spurs,SAS
56,26,0.683,93.4,89.3,89.3,2013, 35.1495343, -90.0489801, #5D76A9,Memphis Grizzlies,MEM
45,37,0.549,106,102.5,102.5,2013, 29.7604267, -95.3698028, #CE1141,Houston Rockets,HOU
41,41,0.5,101.1,101.7,101.7,2013, 32.7766642, -96.7969879, #00538C,Dallas Mavericks,DAL
27,55,0.329,94.1,97.9,97.9,2013, 29.9510658, -90.0715323, #0C2340,New Orleans Hornets,NOH
48,34,0.585,101.3,98,98,2014, 43.6532, -79.3832, #CE1141,Toronto Raptors,TOR
44,38,0.537,98.5,99.5,99.5,2014, 41.7127837, -74.0059413, #000000,Brooklyn Nets,BRK
37,45,0.451,98.6,99.4,99.4,2014, 40.7127837, -74.0059413, #006BB6,New York Knicks,NYK
25,57,0.305,96.2,100.7,100.7,2014, 42.3600825, -71.0588801, #007A33,Boston Celtics,BOS
19,63,0.232,99.5,109.9,109.9,2014, 39.9525839, -75.1652215, #006BB6,Philadelphia 76ers,PHI
56,26,0.683,96.7,92.3,92.3,2014, 39.768403, -86.158068, #002D62,Indiana Pacers,IND
48,34,0.585,93.7,91.8,91.8,2014, 41.8781136, -87.6297982, #CE1141,Chicago Bulls,CHI
33,49,0.402,98.2,101.5,101.5,2014, 41.49932, -81.6943605, #6F263D,Cleveland Cavaliers,CLE
29,53,0.354,101,104.7,104.7,2014, 42.331427, -83.0457538, #C8102E,Detroit Pistons,DET
15,67,0.183,95.5,103.7,103.7,2014, 43.0389025, -87.9064736, #00471B,Milwaukee Bucks,MIL
54,28,0.659,102.2,97.4,97.4,2014, 25.7616798, -80.1917902, #98002E,Miami Heat,MIA
44,38,0.537,100.7,99.4,99.4,2014, 38.9071923, -77.0368707, #002B5C,Washington Wizards,WAS
43,39,0.524,96.9,97.1,97.1,2014, 35.2270869, -80.8431267, #1D1160,Charlotte Bobcats,CHA
38,44,0.463,101,101.5,101.5,2014, 33.7489954, -84.3879824, #E03A3E,Atlanta Hawks,ATL
23,59,0.28,96.5,102,102,2014, 28.5383355, -81.3792365, #0077C0,Orlando Magic,ORL
59,23,0.72,106.2,99.8,99.8,2014, 35.4675602, -97.5164276, #007AC1,Oklahoma City Thunder,OKC
54,28,0.659,106.7,102.8,102.8,2014, 45.5230622, -122.6764816, #E03A3E,Portland Trail Blazers,POR
40,42,0.488,106.9,104.3,104.3,2014, 44.977753, -93.2650108, #0C2340,Minnesota Timberwolves,MIN
36,46,0.439,104.4,106.5,106.5,2014, 39.7392358, -104.990251, #0E2240,Denver Nuggets,DEN
25,57,0.305,95,102.2,102.2,2014, 40.7607793, -111.8910474, #002B5C,Utah Jazz,UTA
57,25,0.695,107.9,101,101,2014, 32.715738, -117.1610838, #C8102E,Los Angeles Clippers,LAC
51,31,0.622,104.3,99.5,99.5,2014, 37.8043637, -122.2711137, #006BB6,Golden State Warriors,GSW
28,54,0.341,100.5,103.4,103.4,2014, 38.5815719, -121.4943996, #5A2D81,Sacramento Kings,SAC
27,55,0.329,103,109.2,109.2,2014, 34.0522342, -118.2436849, #552583,Los Angeles Lakers,LAL
62,20,0.756,105.4,97.6,97.6,2014, 29.4241219, -98.4936282, #C4CED4,San Antonio Spurs,SAS
54,28,0.659,107.7,103.1,103.1,2014, 29.7604267, -95.3698028, #CE1141,Houston Rockets,HOU
50,32,0.61,96.1,94.6,94.6,2014, 35.1495343, -90.0489801, #5D76A9,Memphis Grizzlies,MEM
49,33,0.598,104.8,102.4,102.4,2014, 32.7766642, -96.7969879, #00538C,Dallas Mavericks,DAL
34,48,0.415,99.7,102.4,102.4,2014, 29.9510658, -90.0715323, #0C2340,New Orleans Pelicans,NOP
49,33,0.598,104,100.9,100.9,2015, 43.6532, -79.3832, #CE1141,Toronto Raptors,TOR
40,42,0.488,101.4,101.2,101.2,2015, 42.3600825, -71.0588801, #007A33,Boston Celtics,BOS
38,44,0.463,98,100.9,100.9,2015, 41.7127837, -74.0059413, #000000,Brooklyn Nets,BRK
18,64,0.22,92,101,101,2015, 39.9525839, -75.1652215, #006BB6,Philadelphia 76ers,PHI
17,65,0.207,91.9,101.2,101.2,2015, 40.7127837, -74.0059413, #006BB6,New York Knicks,NYK
53,29,0.646,103.1,98.7,98.7,2015, 41.49932, -81.6943605, #6F263D,Cleveland Cavaliers,CLE
50,32,0.61,100.8,97.8,97.8,2015, 41.8781136, -87.6297982, #CE1141,Chicago Bulls,CHI
41,41,0.5,97.8,97.4,97.4,2015, 43.0389025, -87.9064736, #00471B,Milwaukee Bucks,MIL
38,44,0.463,97.3,97,97,2015, 39.768403, -86.158068, #002D62,Indiana Pacers,IND
32,50,0.39,98.5,99.5,99.5,2015, 42.331427, -83.0457538, #C8102E,Detroit Pistons,DET
60,22,0.732,102.5,97.1,97.1,2015, 33.7489954, -84.3879824, #E03A3E,Atlanta Hawks,ATL
46,36,0.561,98.5,97.8,97.8,2015, 38.9071923, -77.0368707, #002B5C,Washington Wizards,WAS
37,45,0.451,94.7,97.3,97.3,2015, 25.7616798, -80.1917902, #98002E,Miami Heat,MIA
33,49,0.402,94.2,97.3,97.3,2015, 35.2270869, -80.8431267, #1D1160,Charlotte Hornets,CHH
25,57,0.305,95.7,101.4,101.4,2015, 28.5383355, -81.3792365, #0077C0,Orlando Magic,ORL
51,31,0.622,102.8,98.6,98.6,2015, 45.5230622, -122.6764816, #E03A3E,Portland Trail Blazers,POR
45,37,0.549,104,101.8,101.8,2015, 35.4675602, -97.5164276, #007AC1,Oklahoma City Thunder,OKC
38,44,0.463,95.1,94.9,94.9,2015, 40.7607793, -111.8910474, #002B5C,Utah Jazz,UTA
30,52,0.366,101.5,105,105,2015, 39.7392358, -104.990251, #0E2240,Denver Nuggets,DEN
16,66,0.195,97.8,106.5,106.5,2015, 44.977753, -93.2650108, #0C2340,Minnesota Timberwolves,MIN
67,15,0.817,110,99.9,99.9,2015, 37.8043637, -122.2711137, #006BB6,Golden State Warriors,GSW
56,26,0.683,106.7,100.1,100.1,2015, 32.715738, -117.1610838, #C8102E,Los Angeles Clippers,LAC
29,53,0.354,101.3,105,105,2015, 38.5815719, -121.4943996, #5A2D81,Sacramento Kings,SAC
21,61,0.256,98.5,105.3,105.3,2015, 34.0522342, -118.2436849, #552583,Los Angeles Lakers,LAL
56,26,0.683,103.9,100.5,100.5,2015, 29.7604267, -95.3698028, #CE1141,Houston Rockets,HOU
55,27,0.671,98.3,95.1,95.1,2015, 35.1495343, -90.0489801, #5D76A9,Memphis Grizzlies,MEM
55,27,0.671,103.2,97,97,2015, 29.4241219, -98.4936282, #C4CED4,San Antonio Spurs,SAS
50,32,0.61,105.2,102.3,102.3,2015, 32.7766642, -96.7969879, #00538C,Dallas Mavericks,DAL
45,37,0.549,99.4,98.6,98.6,2015, 29.9510658, -90.0715323, #0C2340,New Orleans Pelicans,NOP
56,26,0.683,102.7,98.2,98.2,2016, 43.6532, -79.3832, #CE1141,Toronto Raptors,TOR
48,34,0.585,105.7,102.5,102.5,2016, 42.3600825, -71.0588801, #007A33,Boston Celtics,BOS
32,50,0.39,98.4,101.1,101.1,2016, 40.7127837, -74.0059413, #006BB6,New York Knicks,NYK
21,61,0.256,98.6,106,106,2016, 41.7127837, -74.0059413, #000000,Brooklyn Nets,BRK
10,72,0.122,97.4,107.6,107.6,2016, 39.9525839, -75.1652215, #006BB6,Philadelphia 76ers,PHI
57,25,0.695,104.3,98.3,98.3,2016, 41.49932, -81.6943605, #6F263D,Cleveland Cavaliers,CLE
45,37,0.549,102.2,100.5,100.5,2016, 39.768403, -86.158068, #002D62,Indiana Pacers,IND
44,38,0.537,102,101.4,101.4,2016, 42.331427, -83.0457538, #C8102E,Detroit Pistons,DET
42,40,0.512,101.6,103.1,103.1,2016, 41.8781136, -87.6297982, #CE1141,Chicago Bulls,CHI
33,49,0.402,99,103.2,103.2,2016, 43.0389025, -87.9064736, #00471B,Milwaukee Bucks,MIL
48,34,0.585,100,98.4,98.4,2016, 25.7616798, -80.1917902, #98002E,Miami Heat,MIA
48,34,0.585,102.8,99.2,99.2,2016, 33.7489954, -84.3879824, #E03A3E,Atlanta Hawks,ATL
48,34,0.585,103.4,100.7,100.7,2016, 35.2270869, -80.8431267, #1D1160,Charlotte Hornets,CHH
41,41,0.5,104.1,104.6,104.6,2016, 38.9071923, -77.0368707, #002B5C,Washington Wizards,WAS
35,47,0.427,102.1,103.7,103.7,2016, 28.5383355, -81.3792365, #0077C0,Orlando Magic,ORL
55,27,0.671,110.2,102.9,102.9,2016, 35.4675602, -97.5164276, #007AC1,Oklahoma City Thunder,OKC
44,38,0.537,105.1,104.3,104.3,2016, 45.5230622, -122.6764816, #E03A3E,Portland Trail Blazers,POR
40,42,0.488,97.7,95.9,95.9,2016, 40.7607793, -111.8910474, #002B5C,Utah Jazz,UTA
33,49,0.402,101.9,105,105,2016, 39.7392358, -104.990251, #0E2240,Denver Nuggets,DEN
29,53,0.354,102.4,106,106,2016, 44.977753, -93.2650108, #0C2340,Minnesota Timberwolves,MIN
73,9,0.89,114.9,104.1,104.1,2016, 37.8043637, -122.2711137, #006BB6,Golden State Warriors,GSW
53,29,0.646,104.5,100.2,100.2,2016, 32.715738, -117.1610838, #C8102E,Los Angeles Clippers,LAC
33,49,0.402,106.6,109.1,109.1,2016, 38.5815719, -121.4943996, #5A2D81,Sacramento Kings,SAC
17,65,0.207,97.3,106.9,106.9,2016, 34.0522342, -118.2436849, #552583,Los Angeles Lakers,LAL
67,15,0.817,103.5,92.9,92.9,2016, 29.4241219, -98.4936282, #C4CED4,San Antonio Spurs,SAS
42,40,0.512,102.3,102.6,102.6,2016, 32.7766642, -96.7969879, #00538C,Dallas Mavericks,DAL
42,40,0.512,99.1,101.3,101.3,2016, 35.1495343, -90.0489801, #5D76A9,Memphis Grizzlies,MEM
41,41,0.5,106.5,106.4,106.4,2016, 29.7604267, -95.3698028, #CE1141,Houston Rockets,HOU
30,52,0.366,102.7,106.5,106.5,2016, 29.9510658, -90.0715323, #0C2340,New Orleans Pelicans,NOP
53,29,0.646,108,105.4,105.4,2017, 42.3600825, -71.0588801, #007A33,Boston Celtics,BOS
51,31,0.622,106.9,102.6,102.6,2017, 43.6532, -79.3832, #CE1141,Toronto Raptors,TOR
31,51,0.378,104.3,108,108,2017, 40.7127837, -74.0059413, #006BB6,New York Knicks,NYK
28,54,0.341,102.4,108.1,108.1,2017, 39.9525839, -75.1652215, #006BB6,Philadelphia 76ers,PHI
20,62,0.244,105.8,112.5,112.5,2017, 41.7127837, -74.0059413, #000000,Brooklyn Nets,BRK
51,31,0.622,110.3,107.2,107.2,2017, 41.49932, -81.6943605, #6F263D,Cleveland Cavaliers,CLE
42,40,0.512,103.6,103.8,103.8,2017, 43.0389025, -87.9064736, #00471B,Milwaukee Bucks,MIL
42,40,0.512,105.1,105.3,105.3,2017, 39.768403, -86.158068, #002D62,Indiana Pacers,IND
41,41,0.5,102.9,102.4,102.4,2017, 41.8781136, -87.6297982, #CE1141,Chicago Bulls,CHI
37,45,0.451,101.3,102.5,102.5,2017, 42.331427, -83.0457538, #C8102E,Detroit Pistons,DET
49,33,0.598,109.2,107.4,107.4,2017, 38.9071923, -77.0368707, #002B5C,Washington Wizards,WAS
43,39,0.524,103.2,104,104,2017, 33.7489954, -84.3879824, #E03A3E,Atlanta Hawks,ATL
41,41,0.5,103.2,102.1,102.1,2017, 25.7616798, -80.1917902, #98002E,Miami Heat,MIA
36,46,0.439,104.9,104.7,104.7,2017, 35.2270869, -80.8431267, #1D1160,Charlotte Hornets,CHH
29,53,0.354,101.1,107.6,107.6,2017, 28.5383355, -81.3792365, #0077C0,Orlando Magic,ORL
51,31,0.622,100.7,96.8,96.8,2017, 40.7607793, -111.8910474, #002B5C,Utah Jazz,UTA
47,35,0.573,106.6,105.8,105.8,2017, 35.4675602, -97.5164276, #007AC1,Oklahoma City Thunder,OKC
41,41,0.5,107.9,108.5,108.5,2017, 45.5230622, -122.6764816, #E03A3E,Portland Trail Blazers,POR
40,42,0.488,111.7,111.2,111.2,2017, 39.7392358, -104.990251, #0E2240,Denver Nuggets,DEN
31,51,0.378,105.6,106.7,106.7,2017, 44.977753, -93.2650108, #0C2340,Minnesota Timberwolves,MIN
67,15,0.817,115.9,104.3,104.3,2017, 37.8043637, -122.2711137, #006BB6,Golden State Warriors,GSW
51,31,0.622,108.7,104.4,104.4,2017, 32.715738, -117.1610838, #C8102E,Los Angeles Clippers,LAC
32,50,0.39,102.8,106.7,106.7,2017, 38.5815719, -121.4943996, #5A2D81,Sacramento Kings,SAC
26,56,0.317,104.6,111.5,111.5,2017, 34.0522342, -118.2436849, #552583,Los Angeles Lakers,LAL
61,21,0.744,105.3,98.1,98.1,2017, 29.4241219, -98.4936282, #C4CED4,San Antonio Spurs,SAS
55,27,0.671,115.3,109.6,109.6,2017, 29.7604267, -95.3698028, #CE1141,Houston Rockets,HOU
43,39,0.524,100.5,100,100,2017, 35.1495343, -90.0489801, #5D76A9,Memphis Grizzlies,MEM
34,48,0.415,104.3,106.4,106.4,2017, 29.9510658, -90.0715323, #0C2340,New Orleans Pelicans,NOP
33,49,0.402,97.9,100.8,100.8,2017, 32.7766642, -96.7969879, #00538C,Dallas Mavericks,DAL
59,23,0.72,111.7,103.9,103.9,2018, 43.6532, -79.3832, #CE1141,Toronto Raptors,TOR
55,27,0.671,104,100.4,100.4,2018, 42.3600825, -71.0588801, #007A33,Boston Celtics,BOS
52,30,0.634,109.8,105.3,105.3,2018, 39.9525839, -75.1652215, #006BB6,Philadelphia 76ers,PHI
29,53,0.354,104.5,108,108,2018, 40.7127837, -74.0059413, #006BB6,New York Knicks,NYK
28,54,0.341,106.6,110.3,110.3,2018, 41.7127837, -74.0059413, #000000,Brooklyn Nets,BRK
50,32,0.61,110.9,109.9,109.9,2018, 41.49932, -81.6943605, #6F263D,Cleveland Cavaliers,CLE
48,34,0.585,105.6,104.2,104.2,2018, 39.768403, -86.158068, #002D62,Indiana Pacers,IND
44,38,0.537,106.5,106.8,106.8,2018, 43.0389025, -87.9064736, #00471B,Milwaukee Bucks,MIL
39,43,0.476,103.8,103.9,103.9,2018, 42.331427, -83.0457538, #C8102E,Detroit Pistons,DET
27,55,0.329,102.9,110,110,2018, 41.8781136, -87.6297982, #CE1141,Chicago Bulls,CHI
44,38,0.537,103.4,102.9,102.9,2018, 25.7616798, -80.1917902, #98002E,Miami Heat,MIA
43,39,0.524,106.6,106,106,2018, 38.9071923, -77.0368707, #002B5C,Washington Wizards,WAS
36,46,0.439,108.2,108,108,2018, 35.2270869, -80.8431267, #1D1160,Charlotte Hornets,CHH
25,57,0.305,103.4,108.2,108.2,2018, 28.5383355, -81.3792365, #0077C0,Orlando Magic,ORL
24,58,0.293,103.4,108.8,108.8,2018, 33.7489954, -84.3879824, #E03A3E,Atlanta Hawks,ATL
49,33,0.598,105.6,103,103,2018, 45.5230622, -122.6764816, #E03A3E,Portland Trail Blazers,POR
48,34,0.585,107.9,104.4,104.4,2018, 35.4675602, -97.5164276, #007AC1,Oklahoma City Thunder,OKC
48,34,0.585,104.1,99.8,99.8,2018, 40.7607793, -111.8910474, #002B5C,Utah Jazz,UTA
47,35,0.573,109.5,107.3,107.3,2018, 44.977753, -93.2650108, #0C2340,Minnesota Timberwolves,MIN
46,36,0.561,110,108.5,108.5,2018, 39.7392358, -104.990251, #0E2240,Denver Nuggets,DEN
58,24,0.707,113.5,107.5,107.5,2018, 37.8043637, -122.2711137, #006BB6,Golden State Warriors,GSW
42,40,0.512,109,109,109,2018, 32.715738, -117.1610838, #C8102E,Los Angeles Clippers,LAC
35,47,0.427,108.1,109.6,109.6,2018, 34.0522342, -118.2436849, #552583,Los Angeles Lakers,LAL
27,55,0.329,98.8,105.8,105.8,2018, 38.5815719, -121.4943996, #5A2D81,Sacramento Kings,SAC
65,17,0.793,112.4,103.9,103.9,2018, 29.7604267, -95.3698028, #CE1141,Houston Rockets,HOU
48,34,0.585,111.7,110.4,110.4,2018, 29.9510658, -90.0715323, #0C2340,New Orleans Pelicans,NOP
47,35,0.573,102.7,99.8,99.8,2018, 29.4241219, -98.4936282, #C4CED4,San Antonio Spurs,SAS
24,58,0.293,102.3,105.4,105.4,2018, 32.7766642, -96.7969879, #00538C,Dallas Mavericks,DAL
22,60,0.268,99.3,105.5,105.5,2018, 35.1495343, -90.0489801, #5D76A9,Memphis Grizzlies,MEM
58,24,0.707,114.4,108.4,108.4,2019, 43.6532, -79.3832, #CE1141,Toronto Raptors,TOR
51,31,0.622,115.2,112.5,112.5,2019, 39.9525839, -75.1652215, #006BB6,Philadelphia 76ers,PHI
49,33,0.598,112.4,108,108,2019, 42.3600825, -71.0588801, #007A33,Boston Celtics,BOS
42,40,0.512,112.2,112.3,112.3,2019, 41.7127837, -74.0059413, #000000,Brooklyn Nets,BRK
17,65,0.207,104.6,113.8,113.8,2019, 40.7127837, -74.0059413, #006BB6,New York Knicks,NYK
60,22,0.732,118.1,109.3,109.3,2019, 43.0389025, -87.9064736, #00471B,Milwaukee Bucks,MIL
48,34,0.585,108,104.7,104.7,2019, 39.768403, -86.158068, #002D62,Indiana Pacers,IND
41,41,0.5,107,107.3,107.3,2019, 42.331427, -83.0457538, #C8102E,Detroit Pistons,DET
22,60,0.268,104.9,113.4,113.4,2019, 41.8781136, -87.6297982, #CE1141,Chicago Bulls,CHI
19,63,0.232,104.5,114.1,114.1,2019, 41.49932, -81.6943605, #6F263D,Cleveland Cavaliers,CLE
42,40,0.512,107.3,106.6,106.6,2019, 28.5383355, -81.3792365, #0077C0,Orlando Magic,ORL
39,43,0.476,110.7,111.8,111.8,2019, 35.2270869, -80.8431267, #1D1160,Charlotte Hornets,CHH
39,43,0.476,105.7,105.9,105.9,2019, 25.7616798, -80.1917902, #98002E,Miami Heat,MIA
32,50,0.39,114,116.9,116.9,2019, 38.9071923, -77.0368707, #002B5C,Washington Wizards,WAS
29,53,0.354,113.3,119.4,119.4,2019, 33.7489954, -84.3879824, #E03A3E,Atlanta Hawks,ATL
54,28,0.659,110.7,106.7,106.7,2019, 39.7392358, -104.990251, #0E2240,Denver Nuggets,DEN
53,29,0.646,114.7,110.5,110.5,2019, 45.5230622, -122.6764816, #E03A3E,Portland Trail Blazers,POR
50,32,0.61,111.7,106.5,106.5,2019, 40.7607793, -111.8910474, #002B5C,Utah Jazz,UTA
49,33,0.598,114.5,111.1,111.1,2019, 35.4675602, -97.5164276, #007AC1,Oklahoma City Thunder,OKC
36,46,0.439,112.5,114,114,2019, 44.977753, -93.2650108, #0C2340,Minnesota Timberwolves,MIN
57,25,0.695,117.7,111.2,111.2,2019, 37.8043637, -122.2711137, #006BB6,Golden State Warriors,GSW
48,34,0.585,115.1,114.3,114.3,2019, 32.715738, -117.1610838, #C8102E,Los Angeles Clippers,LAC
39,43,0.476,114.2,115.3,115.3,2019, 38.5815719, -121.4943996, #5A2D81,Sacramento Kings,SAC
37,45,0.451,111.8,113.5,113.5,2019, 34.0522342, -118.2436849, #552583,Los Angeles Lakers,LAL
53,29,0.646,113.9,109.1,109.1,2019, 29.7604267, -95.3698028, #CE1141,Houston Rockets,HOU
48,34,0.585,111.7,110,110,2019, 29.4241219, -98.4936282, #C4CED4,San Antonio Spurs,SAS
33,49,0.402,103.5,106.1,106.1,2019, 35.1495343, -90.0489801, #5D76A9,Memphis Grizzlies,MEM
33,49,0.402,115.4,116.8,116.8,2019, 29.9510658, -90.0715323, #0C2340,New Orleans Pelicans,NOP
33,49,0.402,108.9,110.1,110.1,2019, 32.7766642, -96.7969879, #00538C,Dallas Mavericks,DAL
53,19,0.736,112.8,106.5,106.5,2020, 43.6532, -79.3832, #CE1141,Toronto Raptors,TOR
48,24,0.667,113.7,107.3,107.3,2020, 42.3600825, -71.0588801, #007A33,Boston Celtics,BOS
43,30,0.589,110.7,108.4,108.4,2020, 39.9525839, -75.1652215, #006BB6,Philadelphia 76ers,PHI
35,37,0.486,111.8,112.3,112.3,2020, 41.7127837, -74.0059413, #000000,Brooklyn Nets,BRK
21,45,0.318,105.8,112.3,112.3,2020, 40.7127837, -74.0059413, #006BB6,New York Knicks,NYK
56,17,0.767,118.7,108.6,108.6,2020, 43.0389025, -87.9064736, #00471B,Milwaukee Bucks,MIL
45,28,0.616,109.4,107.5,107.5,2020, 39.768403, -86.158068, #002D62,Indiana Pacers,IND
22,43,0.338,106.8,109.9,109.9,2020, 41.8781136, -87.6297982, #CE1141,Chicago Bulls,CHI
20,46,0.303,107.2,110.8,110.8,2020, 42.331427, -83.0457538, #C8102E,Detroit Pistons,DET
19,46,0.292,106.9,114.8,114.8,2020, 41.49932, -81.6943605, #6F263D,Cleveland Cavaliers,CLE
44,29,0.603,112,109.1,109.1,2020, 25.7616798, -80.1917902, #98002E,Miami Heat,MIA
33,40,0.452,107.3,108.3,108.3,2020, 28.5383355, -81.3792365, #0077C0,Orlando Magic,ORL
23,42,0.354,102.9,109.6,109.6,2020, 35.2270869, -80.8431267, #1D1160,Charlotte Hornets,CHH
25,47,0.347,114.4,119.1,119.1,2020, 38.9071923, -77.0368707, #002B5C,Washington Wizards,WAS
20,47,0.299,111.8,119.7,119.7,2020, 33.7489954, -84.3879824, #E03A3E,Atlanta Hawks,ATL
46,27,0.63,111.3,109.2,109.2,2020, 39.7392358, -104.990251, #0E2240,Denver Nuggets,DEN
44,28,0.611,110.4,108.4,108.4,2020, 35.4675602, -97.5164276, #007AC1,Oklahoma City Thunder,OKC
44,28,0.611,111.3,108.8,108.8,2020, 40.7607793, -111.8910474, #002B5C,Utah Jazz,UTA
35,39,0.473,115,116.1,116.1,2020, 45.5230622, -122.6764816, #E03A3E,Portland Trail Blazers,POR
19,45,0.297,113.3,117.5,117.5,2020, 44.977753, -93.2650108, #0C2340,Minnesota Timberwolves,MIN
52,19,0.732,113.4,107.6,107.6,2020, 34.0522342, -118.2436849, #552583,Los Angeles Lakers,LAL
49,23,0.681,116.3,109.9,109.9,2020, 32.715738, -117.1610838, #C8102E,Los Angeles Clippers,LAC
31,41,0.431,110.1,112.1,112.1,2020, 38.5815719, -121.4943996, #5A2D81,Sacramento Kings,SAC
15,50,0.231,106.3,115,115,2020, 37.8043637, -122.2711137, #006BB6,Golden State Warriors,GSW
44,28,0.611,117.8,114.8,114.8,2020, 29.7604267, -95.3698028, #CE1141,Houston Rockets,HOU
43,32,0.573,117,112.1,112.1,2020, 32.7766642, -96.7969879, #00538C,Dallas Mavericks,DAL
34,39,0.466,112.6,113.7,113.7,2020, 35.1495343, -90.0489801, #5D76A9,Memphis Grizzlies,MEM
32,39,0.451,114.1,115.2,115.2,2020, 29.4241219, -98.4936282, #C4CED4,San Antonio Spurs,SAS
30,42,0.417,115.8,117.1,117.1,2020, 29.9510658, -90.0715323, #0C2340,New Orleans Pelicans,NOP
49,23,0.681,113.6,108.1,108.1,2021, 39.9525839, -75.1652215, #006BB6,Philadelphia 76ers,PHI
48,24,0.667,118.6,114.1,114.1,2021, 41.7127837, -74.0059413, #000000,Brooklyn Nets,BRK
41,31,0.569,107,104.7,104.7,2021, 40.7127837, -74.0059413, #006BB6,New York Knicks,NYK
36,36,0.5,112.6,111.2,111.2,2021, 42.3600825, -71.0588801, #007A33,Boston Celtics,BOS
27,45,0.375,111.3,111.7,111.7,2021, 43.6532, -79.3832, #CE1141,Toronto Raptors,TOR
46,26,0.639,120.1,114.2,114.2,2021, 43.0389025, -87.9064736, #00471B,Milwaukee Bucks,MIL
34,38,0.472,115.3,115.3,115.3,2021, 39.768403, -86.158068, #002D62,Indiana Pacers,IND
31,41,0.431,110.7,111.6,111.6,2021, 41.8781136, -87.6297982, #CE1141,Chicago Bulls,CHI
22,50,0.306,103.8,112.3,112.3,2021, 41.49932, -81.6943605, #6F263D,Cleveland Cavaliers,CLE
20,52,0.278,106.6,111.1,111.1,2021, 42.331427, -83.0457538, #C8102E,Detroit Pistons,DET
41,31,0.569,113.7,111.4,111.4,2021, 33.7489954, -84.3879824, #E03A3E,Atlanta Hawks,ATL
40,32,0.556,108.1,108,108,2021, 25.7616798, -80.1917902, #98002E,Miami Heat,MIA
34,38,0.472,116.6,118.5,118.5,2021, 38.9071923, -77.0368707, #002B5C,Washington Wizards,WAS
33,39,0.458,109.5,111.4,111.4,2021, 35.2270869, -80.8431267, #1D1160,Charlotte Hornets,CHH
21,51,0.292,104,113.3,113.3,2021, 28.5383355, -81.3792365, #0077C0,Orlando Magic,ORL
52,20,0.722,116.4,107.2,107.2,2021, 40.7607793, -111.8910474, #002B5C,Utah Jazz,UTA
47,25,0.653,115.1,110.1,110.1,2021, 39.7392358, -104.990251, #0E2240,Denver Nuggets,DEN
42,30,0.583,116.1,114.3,114.3,2021, 45.5230622, -122.6764816, #E03A3E,Portland Trail Blazers,POR
23,49,0.319,112.1,117.7,117.7,2021, 44.977753, -93.2650108, #0C2340,Minnesota Timberwolves,MIN
22,50,0.306,105,115.6,115.6,2021, 35.4675602, -97.5164276, #007AC1,Oklahoma City Thunder,OKC
47,25,0.653,114,107.8,107.8,2021, 32.715738, -117.1610838, #C8102E,Los Angeles Clippers,LAC
42,30,0.583,109.5,106.8,106.8,2021, 34.0522342, -118.2436849, #552583,Los Angeles Lakers,LAL
39,33,0.542,113.7,112.7,112.7,2021, 37.8043637, -122.2711137, #006BB6,Golden State Warriors,GSW
31,41,0.431,113.7,117.4,117.4,2021, 38.5815719, -121.4943996, #5A2D81,Sacramento Kings,SAC
42,30,0.583,112.4,110.2,110.2,2021, 32.7766642, -96.7969879, #00538C,Dallas Mavericks,DAL
38,34,0.528,113.3,112.3,112.3,2021, 35.1495343, -90.0489801, #5D76A9,Memphis Grizzlies,MEM
33,39,0.458,111.1,112.8,112.8,2021, 29.4241219, -98.4936282, #C4CED4,San Antonio Spurs,SAS
31,41,0.431,114.6,114.9,114.9,2021, 29.9510658, -90.0715323, #0C2340,New Orleans Pelicans,NOP
17,55,0.236,108.8,116.7,116.7,2021, 29.7604267, -95.3698028, #CE1141,Houston Rockets,HOU
